Column2,Column3,Column8,Column11,Column14,Column15,Column1_b,Column4_u,Column4_y,Column5_g,Column5_p,Column6_w,Column6_q,Column6_m,Column6_r,Column6_cc,Column6_k,Column6_c,Column6_d,Column6_x,Column6_i,Column6_e,Column6_aa,Column6_ff,Column7_v,Column7_h,Column7_bb,Column7_ff,Column7_j,Column7_z,Column7_o,Column7_dd,Column9_t,Column10_t,Column12_f,Column13_g,Column13_s,Column16_+
-0.32384918630432347,1.7744837205075634,1.0399226877840329,-0.5036326206206442,1.8220198030129962,-0.09779818493097191,1,1,0,1,0,1,0,0,0,0,0,0,0,0,0,0,0,0,1,0,0,0,0,0,0,0,1,0,0,1,0,1
-0.12702983944708252,0.09159737058742147,0.0016921499686555505,0.5027079585264815,-0.4834308920197889,-0.09779818493097191,0,1,0,1,0,0,0,0,0,0,0,0,0,0,0,1,0,0,0,0,0,0,0,0,0,1,1,1,0,1,0,1
-1.1761698772011318,0.829600722620959,-0.2578654844851888,-0.5036326206206442,-1.0716773322472264,-0.19297684329514306,0,1,0,1,0,0,0,0,0,0,0,0,0,0,0,0,1,0,1,0,0,0,0,0,0,0,1,0,0,1,0,1
-0.9506301106308167,1.0205665495622518,-0.6657417671983727,-0.5036326206206442,-1.0716773322472264,-0.19297684329514306,1,1,0,1,0,0,0,0,0,0,0,0,0,0,0,1,0,0,0,0,0,0,0,0,0,1,1,0,1,1,0,1
-0.9362699007742796,0.43175524982659913,-0.18370616035551898,0.10017172686763123,0.11669931467688968,0.07181018427398111,1,1,0,1,0,0,0,0,0,0,0,1,0,0,0,0,0,0,1,0,0,0,0,0,0,0,1,1,1,1,0,1
-1.0629776348025464,0.8793314067202539,-0.36910447067969354,0.30143984269705637,-0.59632667347758,-0.09779818493097191,0,0,1,0,1,0,0,0,0,0,0,1,0,0,0,0,0,0,1,0,0,0,0,0,0,0,1,1,0,1,0,1
-0.31033369467464195,-0.6623198003578904,-0.07246717416101427,1.7103166535030325,1.5070999915781054,-0.1863143372096511,1,1,0,1,0,1,0,0,0,0,0,0,0,0,0,0,0,0,1,0,0,0,0,0,0,0,1,1,0,1,0,1
-0.5493889528746385,1.2771768795146137,0.07585147409832536,2.9179253484795833,0.11669931467688968,0.036974795312694465,1,1,0,1,0,0,0,0,0,0,0,1,0,0,0,0,0,0,1,0,0,0,0,0,0,0,1,1,1,1,0,1
3.8220278711005657,3.4732838893394797,3.1163837634147877,-0.30236450479121907,-1.0716773322472264,-0.17222789577175376,1,1,0,1,0,0,0,0,0,0,0,0,0,0,0,1,0,0,0,0,0,0,0,1,0,0,1,1,0,1,0,1
-0.2326196178039715,-0.2147436434642356,-0.3438903004756058,-0.30236450479121907,1.1327613477970089,-0.19297684329514306,0,1,0,1,0,0,0,0,0,0,0,1,0,0,0,0,0,0,1,0,0,0,0,0,0,0,1,1,0,1,0,1
0.04191380592393987,-0.6125891162585955,-0.6538762753376256,-0.5036326206206442,1.2634827789586616,-0.19297684329514306,1,0,1,0,1,0,0,0,0,0,0,0,0,0,0,1,0,0,0,1,0,0,0,0,0,0,1,0,0,1,0,1
-0.8872762436166832,-0.36393569576212054,-0.3438903004756058,1.106512306014757,-0.12097601470793351,-0.19278648597841472,1,0,1,0,1,0,0,0,0,0,0,0,1,0,0,0,0,0,1,0,0,0,0,0,0,0,1,1,0,1,0,1
-0.7538107637735757,1.0364803684740258,-0.6538762753376256,1.3077804218441822,-0.7151643381699915,-0.1175953458707195,1,1,0,1,0,0,0,0,0,0,0,0,0,1,0,0,0,0,1,0,0,0,0,0,0,0,1,1,1,1,0,1
-0.014682315275352777,2.918289454791348,1.410719308432382,2.7166572326501583,-1.0716773322472264,0.7588097403465686,1,1,0,1,0,0,0,0,0,0,0,1,0,0,0,0,0,0,1,0,0,0,0,0,0,0,1,1,1,1,0,1
0.8165204199500776,0.33229388162800916,-0.5174231189390331,0.10017172686763123,-0.2101042632272422,-0.19297684329514306,0,1,0,1,0,0,1,0,0,0,0,0,0,0,0,0,0,0,1,0,0,0,0,0,0,0,1,1,0,1,0,1
-0.3449671419757013,1.9236757728054483,0.2493842925617527,-0.30236450479121907,-0.35865134409275673,-0.19088291281113132,0,1,0,1,0,0,0,0,0,0,0,0,0,1,0,0,0,0,0,1,0,0,0,0,0,0,1,1,1,1,0,1
-1.133933965858376,0.13337114523082924,-0.5174231189390331,-0.5036326206206442,-0.59632667347758,-0.19297684329514306,1,1,0,1,0,0,0,0,0,0,1,0,0,0,0,0,0,0,1,0,0,0,0,0,0,0,1,0,1,1,0,1
-0.11266962959054547,-0.8612425367550703,-0.14662649829068408,1.7103166535030325,-0.8815370687393678,-0.0901838922618382,1,1,0,1,0,0,0,0,0,0,0,1,0,0,0,0,0,0,1,0,0,0,0,0,0,0,1,1,1,1,0,1
1.3301091018779856,-0.8115118526557753,0.15001079822799518,-0.30236450479121907,0.9069697848814269,-0.023178116773461713,0,1,0,1,0,0,1,0,0,0,0,0,0,0,0,0,0,0,0,1,0,0,0,0,0,0,1,1,1,1,0,1
1.6958720941062488,2.0231371410040384,1.8556752532104008,1.3077804218441822,-1.0716773322472264,-0.19297684329514306,1,1,0,1,0,0,0,0,0,0,0,1,0,0,0,0,0,0,1,0,0,0,0,0,0,0,1,1,1,1,0,1
0.865514077107674,-0.7697380780123676,0.07585147409832536,-0.5036326206206442,1.9586831174092696,-0.07876245325813767,1,1,0,1,0,0,0,0,0,0,0,0,0,1,0,0,0,0,1,0,0,0,0,0,0,0,1,0,1,1,0,1
1.2101591136645595,1.1279848272167288,0.8174447153950235,0.9052441901853319,-1.0716773322472264,-0.19297684329514306,0,1,0,1,0,0,1,0,0,0,0,0,0,0,0,0,0,0,1,0,0,0,0,0,0,0,1,1,0,1,0,1
0.3096894838370105,-0.06555159116635066,1.0399226877840329,-0.5036326206206442,3.1530016475680065,-0.19297684329514306,1,1,0,1,0,0,0,0,0,0,0,0,0,1,0,0,0,0,0,1,0,0,0,0,0,0,0,0,0,0,1,1
2.1891875385896347,0.730139354422369,1.410719308432382,0.10017172686763123,-1.0716773322472264,-0.19297684329514306,1,1,0,1,0,0,0,0,0,0,0,0,0,0,0,1,0,0,0,1,0,0,0,0,0,0,1,1,1,1,0,1
2.1604671188765603,2.918289454791348,0.9657633636543631,0.9052441901853319,-1.0716773322472264,0.3780951068898839,0,1,0,1,0,0,0,0,0,0,0,1,0,0,0,0,0,0,1,0,0,0,0,0,0,0,1,1,1,1,0,1
-0.1903837064612159,1.9813633663606303,0.8293102072557706,0.5027079585264815,-0.07344094883096888,-0.19297684329514306,1,1,0,1,0,0,0,0,0,0,0,0,0,0,0,0,1,0,1,0,0,0,0,0,0,0,1,1,0,1,0,1
1.4568168359062523,0.730139354422369,3.0422244392851177,1.3077804218441822,0.003803533219098664,0.12206451589026349,1,1,0,1,0,0,0,0,0,0,0,1,0,0,0,0,0,0,0,1,0,0,0,0,0,0,1,1,1,1,0,1
-0.23937736361881226,-0.7538242591005931,0.07585147409832536,0.5027079585264815,0.7108876381389477,0.07923411962638646,0,1,0,1,0,0,0,0,0,0,0,1,0,0,0,0,0,0,1,0,0,0,0,0,0,0,1,1,0,1,0,1
2.2660568972334496,1.028523459018139,0.5208074188763443,2.314121000991308,-1.0716773322472264,0.11197557810366134,0,1,0,1,0,0,1,0,0,0,0,0,0,0,0,0,0,0,1,0,0,0,0,0,0,0,1,1,1,1,0,1
-0.8095621667460128,-0.8532856272991831,-0.6538762753376256,-0.30236450479121907,3.919504584834061,-0.18174576160817088,1,0,1,0,1,0,0,0,0,0,0,0,0,1,0,0,0,0,1,0,0,0,0,0,0,0,1,1,0,1,0,1
-0.6972146425742831,-0.6623198003578904,0.038771812033490456,0.10017172686763123,-1.0716773322472264,-0.08218888495924784,1,1,0,1,0,0,1,0,0,0,0,0,0,0,0,0,0,0,1,0,0,0,0,0,0,0,1,1,0,1,0,1
-0.8872762436166832,-0.007863997611168487,0.0016921499686555505,-0.30236450479121907,-0.59632667347758,-0.13586964827664036,1,0,1,0,1,1,0,0,0,0,0,0,0,0,0,0,0,0,1,0,0,0,0,0,0,0,1,1,0,1,0,1
3.5407367015578135,2.570174666096283,-0.6657417671983727,-0.5036326206206442,-1.0716773322472264,-0.19297684329514306,1,1,0,1,0,0,0,0,0,0,0,0,0,0,0,0,0,1,0,0,0,1,0,0,0,0,1,0,0,1,0,1
-0.4860350858605051,-0.8612425367550703,-0.4061841327445284,-0.5036326206206442,1.8457873359514785,-0.19297684329514306,0,1,0,1,0,0,0,0,0,0,0,1,0,0,0,0,0,0,0,1,0,0,0,0,0,0,1,0,0,1,0,1
0.6543345203938961,0.9290620908195489,1.2624006601730422,2.314121000991308,0.3543746440617129,0.68399931487233,1,1,0,1,0,0,0,1,0,0,0,0,0,0,0,0,0,0,1,0,0,0,0,0,0,0,1,1,1,1,0,1
2.7517698776751387,3.017750822989938,4.525410921878514,1.3077804218441822,-1.0716773322472264,-0.002619526566800742,1,1,0,1,0,0,0,0,0,0,0,0,0,1,0,0,0,0,0,1,0,0,0,0,0,0,1,1,0,1,0,1
-0.7250903440605017,1.3438159962076692,-0.6538762753376256,-0.5036326206206442,-0.59632667347758,0.06381517697139073,0,1,0,1,0,0,0,0,0,1,0,0,0,0,0,0,0,0,1,0,0,0,0,0,0,0,1,0,1,1,0,1
-0.7960466751163313,-0.795598033744001,-0.023522020235432175,-0.5036326206206442,-0.3111162782157921,-0.19297684329514306,1,1,0,1,0,0,0,0,0,0,0,1,0,0,0,0,0,0,0,1,0,0,0,0,0,0,0,0,0,1,0,1
-0.11266962959054547,0.33229388162800916,0.2612497844224999,1.106512306014757,0.8891441351775651,0.035451936778867724,1,1,0,1,0,0,0,0,0,1,0,0,0,0,0,0,0,0,1,0,0,0,0,0,0,0,1,1,1,1,0,1
0.06978950741015842,-0.8532856272991831,-0.6538762753376256,-0.5036326206206442,1.542751290985829,1.9346468857775392,0,1,0,1,0,0,0,0,0,1,0,0,0,0,0,0,0,0,1,0,0,0,0,0,0,0,1,0,1,1,0,1
2.223820985890694,0.4397121592824863,3.487180384063137,0.7039760743559067,1.0674006322161824,0.06057910258700891,1,1,0,1,0,0,0,1,0,0,0,0,0,0,0,0,0,0,1,0,0,0,0,0,0,0,1,1,0,1,0,1
0.9567436456080259,-0.040686249116703176,0.6928570508571782,-0.5036326206206442,-1.0716773322472264,-0.19297684329514306,1,1,0,1,0,0,1,0,0,0,0,0,0,0,0,0,0,0,1,0,0,0,0,0,0,0,1,0,1,0,1,1
-0.9083941992880611,1.078254143117434,-0.4551292866701105,-0.10109638896179392,-0.7805250537508179,-0.19297684329514306,0,1,0,1,0,0,1,0,0,0,0,0,0,0,0,0,0,0,1,0,0,0,0,0,0,0,1,1,0,1,0,1
-0.5493889528746385,1.492013434823568,0.37248877061700464,0.7039760743559067,1.3050759616010057,-0.10579319223356229,0,1,0,1,0,0,0,0,0,1,0,0,0,0,0,0,0,0,0,1,0,0,0,0,0,0,1,1,1,1,0,1
-0.23937736361881226,0.8962398393140144,1.0147085175799453,0.7039760743559067,1.1921801801432146,-0.16099681408478156,1,1,0,1,0,0,1,0,0,0,0,0,0,0,0,0,0,0,0,1,0,0,0,0,0,0,1,1,1,1,0,1
0.4009190523373624,0.03390977703223929,0.07585147409832536,0.7039760743559067,-1.0716773322472264,-0.12311570805584143,1,1,0,1,0,0,0,0,0,0,0,1,0,0,0,0,0,0,0,0,1,0,0,0,0,0,1,1,1,1,0,1
1.5201707029203857,0.5481250506189493,1.5842521268958094,2.515389116820733,-1.0716773322472264,0.7588097403465686,1,1,0,1,0,0,0,0,0,0,0,0,0,0,1,0,0,0,0,0,1,0,0,0,0,0,1,1,0,1,0,1
-0.627103029745309,-0.8612425367550703,-0.2949451465500237,-0.30236450479121907,-1.0716773322472264,-0.06391458255332697,0,1,0,1,0,0,1,0,0,0,0,0,0,0,0,0,0,0,0,1,0,0,0,0,0,0,1,1,1,1,0,1
2.413882586933094,1.9236757728054483,4.673729570137854,2.515389116820733,-1.0716773322472264,-0.002619526566800742,1,1,0,1,0,0,0,0,0,0,0,0,0,0,0,0,0,1,0,0,0,1,0,0,0,0,1,1,0,1,0,1
0.3308074395083883,1.4263689318124988,3.487180384063137,1.106512306014757,-1.0716773322472264,1.0614778739446329,0,1,0,1,0,0,1,0,0,0,0,0,0,0,0,0,0,0,0,1,0,0,0,0,0,0,1,1,1,1,0,1
-0.28921573900326414,2.0231371410040384,-0.6657417671983727,-0.5036326206206442,-1.0716773322472264,2.322024025319716,0,0,1,0,1,0,0,0,0,0,0,0,0,0,0,1,0,0,0,0,0,0,0,1,0,0,1,0,1,1,0,1
2.0692375503762084,1.5258303000110887,1.7073566049510611,-0.5036326206206442,-0.9290721346163324,0.19306779502993518,1,1,0,1,0,0,0,0,0,0,1,0,0,0,0,0,0,0,0,1,0,0,0,0,0,0,1,0,0,1,0,1
-0.5071530415318829,-0.8861078788047179,-0.591582443068703,0.10017172686763123,0.4732123087541245,2.682941497836653,1,1,0,1,0,0,0,1,0,0,0,0,0,0,0,0,0,0,1,0,0,0,0,0,0,0,1,1,1,1,0,1
1.0699358880066112,0.36511613313354385,1.5219582946268866,0.10017172686763123,-1.0716773322472264,-0.19297684329514306,0,1,0,1,0,0,1,0,0,0,0,0,0,0,0,0,0,0,1,0,0,0,0,0,0,0,1,1,0,1,0,1
1.935772070533101,-0.8612425367550703,0.508941927015597,-0.5036326206206442,-0.0021383500155219156,-0.13320464584244357,1,0,1,0,1,0,0,0,0,0,1,0,0,0,0,0,0,0,0,1,0,0,0,0,0,0,1,0,1,1,0,1
0.4363972178652773,-0.31420501166282555,2.0039939014697405,-0.5036326206206442,-0.46560524231592715,-0.07133851790573233,1,1,0,1,0,0,1,0,0,0,0,0,0,0,0,0,0,0,0,1,0,0,0,0,0,0,1,0,0,1,0,1
-0.9362699007742796,-0.794603420062015,-0.19557165221626616,-0.30236450479121907,-1.0716773322472264,-0.19297684329514306,0,1,0,1,0,0,1,0,0,0,0,0,0,0,0,0,0,0,1,0,0,0,0,0,0,0,1,1,1,1,0,1
-0.999623767788413,-0.8861078788047179,-0.07246717416101427,-0.10109638896179392,-0.59632667347758,-0.19297684329514306,1,1,0,1,0,0,1,0,0,0,0,0,0,0,0,0,0,0,1,0,0,0,0,0,0,0,1,1,0,1,0,1
0.2885715281656327,-0.4633970639607105,-0.6657417671983727,-0.5036326206206442,0.3484327608270923,-0.1549053799494746,1,1,0,1,0,1,0,0,0,0,0,0,0,0,0,0,0,0,1,0,0,0,0,0,0,0,1,0,0,1,0,1
2.2947773169465235,-0.07350850062223788,0.23603561421841218,0.7039760743559067,-0.8161763531585414,-0.08637674592727136,0,1,0,1,0,0,1,0,0,0,0,0,0,0,0,0,0,0,0,1,0,0,0,0,0,0,1,1,1,1,0,1
-1.4996969580866395,-0.16501295936494062,-0.14662649829068408,-0.10109638896179392,-0.35865134409275673,-0.002619526566800742,1,0,1,0,1,1,0,0,0,0,0,0,0,0,0,0,0,0,1,0,0,0,0,0,0,0,1,1,0,1,0,1
1.4213386703783375,1.4263689318124988,4.080454977100495,-0.5036326206206442,-0.4180701764389625,-0.19297684329514306,1,1,0,1,0,0,0,1,0,0,0,0,0,0,0,0,0,0,1,0,0,0,0,0,0,0,1,0,1,0,1,1
-0.7115748524308201,1.3269075636139087,0.37248877061700464,1.3077804218441822,-0.7389318711084738,-0.05173171428271306,1,1,0,1,0,0,0,0,0,0,0,0,0,0,1,0,0,0,1,0,0,0,0,0,0,0,1,1,1,1,0,1
0.035156060109099115,-0.07350850062223788,1.12594750377445,0.10017172686763123,0.7762483537197741,-0.13586964827664036,1,1,0,1,0,0,0,0,0,1,0,0,0,0,0,0,0,0,0,1,0,0,0,0,0,0,1,1,1,1,0,1
0.6332165647225182,0.03390977703223929,0.37248877061700464,1.5090485376736074,-1.0716773322472264,-0.19297684329514306,1,1,0,1,0,0,0,0,0,1,0,0,0,0,0,0,0,0,1,0,0,0,0,0,0,0,1,1,0,1,0,1
-0.8450403322739277,0.2328325134294192,0.07585147409832536,0.10017172686763123,-0.59632667347758,-0.01822882653852481,0,1,0,1,0,0,0,0,0,0,0,0,0,0,0,0,1,0,1,0,0,0,0,0,0,0,1,1,1,1,0,1
0.8443961214362962,-0.6543628909020032,0.37248877061700464,-0.5036326206206442,0.21176944643081896,-0.19297684329514306,1,1,0,1,0,0,0,0,0,0,0,0,0,0,1,0,0,0,0,0,1,0,0,0,0,0,0,0,1,1,0,1
0.1407458384659881,-0.7538242591005931,1.2624006601730422,-0.5036326206206442,-0.0972084817694512,5.7623518105510465,1,1,0,1,0,0,0,0,1,0,0,0,0,0,0,0,0,0,0,1,0,0,0,0,0,0,1,0,0,1,0,1
-0.6972146425742831,-0.16501295936494062,-0.591582443068703,-0.5036326206206442,-0.12097601470793351,-0.19297684329514306,1,1,0,1,0,0,0,0,0,0,0,1,0,0,0,0,0,0,0,0,1,0,0,0,0,0,1,0,0,1,0,1
2.104715715904123,4.6091327141673775,7.788421183583987,7.547092012556361,-1.0716773322472264,-0.19012148354421793,1,0,1,0,1,0,0,0,0,0,0,1,0,0,0,0,0,0,1,0,0,0,0,0,0,0,1,1,1,1,0,1
1.4002207147069596,0.24078942288530641,-0.6538762753376256,-0.5036326206206442,-1.0716773322472264,0.31908433870409775,1,1,0,1,0,0,0,0,0,0,1,0,0,0,0,0,0,0,1,0,0,0,0,0,0,0,0,0,1,1,0,1
-0.7749287194449536,1.2274461954153189,-0.07246717416101427,-0.30236450479121907,-0.59632667347758,-0.1400575092446639,1,1,0,1,0,1,0,0,0,0,0,0,0,0,0,0,0,0,1,0,0,0,0,0,0,0,1,1,1,1,0,1
-1.3239955669007761,-0.84433410416131,-0.22078582242035388,-0.10109638896179392,-0.4774890087851683,-0.19297684329514306,0,1,0,1,0,0,0,0,0,0,0,1,0,0,0,0,0,0,0,1,0,0,0,0,0,0,1,1,1,1,0,1
-0.52151325138842,-0.8453287178432959,-0.5797169512079557,0.9052441901853319,-0.5012565417236506,0.782414047620883,1,1,0,1,0,0,0,0,0,0,0,1,0,0,0,0,0,0,1,0,0,0,0,0,0,0,1,1,0,1,0,1
-0.31033369467464195,-0.6543628909020032,0.44664809474667444,0.5027079585264815,-0.4774890087851683,-0.19240577134495804,1,1,0,1,0,1,0,0,0,0,0,0,0,0,0,0,0,0,1,0,0,0,0,0,0,0,1,1,0,1,0,1
0.6475767745790553,-0.6205460257144826,-0.6286621051335378,0.5027079585264815,1.780426620370652,-0.19297684329514306,1,1,0,1,0,0,0,0,0,0,0,0,0,1,0,0,0,0,1,0,0,0,0,0,0,0,1,1,0,1,0,1
0.44315496368011803,0.058775119081886776,0.8174447153950235,-0.5036326206206442,-1.0716773322472264,0.5684524236182262,0,1,0,1,0,0,0,0,0,0,0,0,0,0,0,1,0,0,1,0,0,0,0,0,0,0,1,0,0,1,0,1
0.11202541875291401,-0.4633970639607105,0.15001079822799518,0.7039760743559067,-0.12097601470793351,0.2014435169659822,1,1,0,1,0,0,0,0,0,1,0,0,0,0,0,0,0,0,0,1,0,0,0,0,0,0,1,1,1,1,0,1
-0.8661582879453055,-0.4962193154662452,-0.5174231189390331,0.30143984269705637,-0.59632667347758,-0.19297684329514306,0,1,0,1,0,0,0,0,0,0,0,0,0,0,1,0,0,0,0,0,1,0,0,0,0,0,1,1,1,0,1,1
-0.6904568967594423,1.3517729056635561,-0.4180496246052756,-0.5036326206206442,-0.12097601470793351,-0.13586964827664036,1,0,1,0,1,1,0,0,0,0,0,0,0,0,0,0,0,0,1,0,0,0,0,0,0,0,1,0,0,1,0,1
-0.8171646307877091,1.2274461954153189,-0.5797169512079557,0.7039760743559067,-0.35270946085813615,-0.19297684329514306,1,1,0,1,0,0,0,0,0,0,0,0,0,1,0,0,0,0,1,0,0,0,0,0,0,0,1,1,1,1,0,1
-0.732692808102198,-0.36393569576212054,-0.28307965468927654,-0.30236450479121907,0.4732123087541245,-0.04069098991246921,1,1,0,1,0,0,0,1,0,0,0,0,0,0,0,0,0,0,1,0,0,0,0,0,0,0,1,1,1,1,0,1
1.801461872463138,2.0231371410040384,0.9657633636543631,2.314121000991308,-1.0716773322472264,0.22580925350721004,0,1,0,1,0,0,0,0,0,0,0,1,0,0,0,0,0,0,1,0,0,0,0,0,0,0,1,1,1,1,0,1
-0.9151519451029018,-0.36393569576212054,-0.6167966132727907,0.10017172686763123,-0.4774890087851683,-0.19183469939477302,0,1,0,1,0,0,1,0,0,0,0,0,0,0,0,0,0,0,1,0,0,0,0,0,0,0,1,1,1,1,0,1
1.3655872674059004,-0.9030163113984782,3.783817680581816,3.5217296959678586,-1.0716773322472264,2.662382907629992,1,1,0,1,0,0,0,0,0,0,0,1,0,0,0,0,0,0,0,0,1,0,0,0,0,0,1,1,1,1,0,1
-0.2748555291467271,-0.7866465106061279,-0.3809699625404407,0.10017172686763123,1.2813084286625234,-0.19297684329514306,1,1,0,1,0,0,0,1,0,0,0,0,0,0,0,0,0,0,1,0,0,0,0,0,0,0,1,1,0,1,0,1
-0.2748555291467271,0.04186668648812649,-0.22078582242035388,1.106512306014757,-0.2160461464618628,-0.19164434207804468,1,0,1,0,1,0,0,0,0,0,0,1,0,0,0,0,0,0,0,0,1,0,0,0,0,0,1,1,0,1,0,1
-1.140691711673217,-0.9278816534481256,-0.6034479349294501,-0.5036326206206442,0.11669931467688968,-0.18536255062600937,1,1,0,1,0,0,1,0,0,0,0,0,0,0,0,0,0,0,0,0,0,0,0,0,0,0,0,0,1,1,0,1
0.6822102218801146,1.807305972013098,1.8927549152752356,0.7039760743559067,-0.6557455058237858,-0.19297684329514306,1,1,0,1,0,1,0,0,0,0,0,0,0,0,0,0,0,0,1,0,0,0,0,0,0,0,1,1,0,1,0,1
0.25309336263771787,-0.15705604990905342,1.8556752532104008,0.9052441901853319,0.08698989850378679,-0.19297684329514306,1,0,1,0,1,0,0,0,0,0,0,0,0,0,1,0,0,0,0,0,1,0,0,0,0,0,1,1,0,1,0,1
-0.9573878564456574,0.6644948514112996,-0.08433266602176144,2.314121000991308,-0.7151643381699915,-0.162900387252065,1,1,0,1,0,0,0,0,0,0,0,0,0,0,0,0,1,0,1,0,0,0,0,0,0,0,1,1,1,1,0,1
-0.9151519451029018,-0.5956806836648352,-0.04725300395692654,0.5027079585264815,0.2355369793693013,0.28348752047589776,0,1,0,1,0,0,1,0,0,0,0,0,0,0,0,0,0,0,1,0,0,0,0,0,0,0,1,1,1,1,0,1
1.4356988802348745,-0.11528227526564565,-0.6286621051335378,-0.5036326206206442,0.2652463955424042,-0.19297684329514306,1,1,0,1,0,0,0,1,0,0,0,0,0,0,0,0,0,0,1,0,0,0,0,0,0,0,1,0,0,1,0,1
1.4424566260497154,0.33229388162800916,1.1140820119137027,-0.5036326206206442,1.0079817998699767,-0.19297684329514306,1,1,0,1,0,0,1,0,0,0,0,0,0,0,0,0,0,0,0,1,0,0,0,0,0,0,1,0,0,1,0,1
0.04867155173878062,-0.16501295936494062,0.07585147409832536,-0.5036326206206442,1.0674006322161824,-0.19297684329514306,1,1,0,1,0,0,0,1,0,0,0,0,0,0,0,0,0,0,1,0,0,0,0,0,0,0,1,0,0,1,0,1
3.1394955438016354,2.0231371410040384,-0.6657417671983727,2.314121000991308,-1.0716773322472264,0.4496694579797406,0,1,0,1,0,0,0,0,0,0,0,0,0,0,0,1,0,0,0,0,0,0,0,1,0,0,1,1,1,1,0,1
1.2245193235210965,-0.16501295936494062,-0.6657417671983727,-0.5036326206206442,-0.4774890087851683,-0.010233819235934435,0,1,0,1,0,0,0,0,0,0,0,0,0,0,0,0,0,0,0,0,0,0,1,0,0,0,1,0,1,1,0,1
-0.3593273518322383,-0.6454113677641301,-0.12141232808659636,1.9115847693324575,2.392440593536572,-0.05725207646783499,1,1,0,1,0,0,0,0,0,1,0,0,0,0,0,0,0,0,0,1,0,0,0,0,0,0,1,1,0,1,0,1
0.1407458384659881,-0.7617811685564804,-0.44326379480936334,0.9052441901853319,0.9485629675237709,0.5819677931059385,1,1,0,1,0,0,0,0,0,0,0,0,0,1,0,0,0,0,1,0,0,0,0,0,0,0,1,1,0,1,0,1
-0.7462082997318794,1.1279848272167288,-0.26973097634593596,-0.5036326206206442,-0.4774890087851683,-0.19297684329514306,1,1,0,1,0,0,1,0,0,0,0,0,0,0,0,0,0,0,0,1,0,0,0,0,0,0,1,0,1,1,0,1
-0.3804453075036161,-0.6623198003578904,-0.5545027810038681,-0.5036326206206442,0.4732123087541245,0.009753699020541509,1,0,1,0,1,1,0,0,0,0,0,0,0,0,0,0,0,0,1,0,0,0,0,0,0,0,1,0,0,1,0,1
-0.7960466751163313,1.2274461954153189,-0.46847796501345107,-0.5036326206206442,-0.4774890087851683,-0.19297684329514306,1,1,0,1,0,0,0,0,0,1,0,0,0,0,0,0,0,0,1,0,0,0,0,0,0,0,1,0,1,1,0,1
2.7517698776751387,-0.9278816534481256,-0.6657417671983727,-0.30236450479121907,0.3068395781847483,-0.17394111162230882,0,1,0,1,0,0,0,0,0,0,0,0,0,0,0,0,0,1,0,0,0,1,0,0,0,0,1,1,1,1,0,1
-0.9016364534732203,-0.36393569576212054,-0.6538762753376256,-0.5036326206206442,-0.4774890087851683,-0.19297684329514306,0,1,0,1,0,0,0,0,0,0,0,0,0,0,0,0,1,0,1,0,0,0,0,0,0,0,1,0,1,1,0,1
-0.13378758526192328,-0.5956806836648352,0.6201809132101018,-0.5036326206206442,0.4732123087541245,-0.1549053799494746,1,1,0,1,0,0,0,0,0,0,0,1,0,0,0,0,0,0,0,1,0,0,0,0,0,0,1,0,1,1,0,1
-1.2952751471877022,-0.9527469954977731,-0.6538762753376256,-0.5036326206206442,-1.0716773322472264,-0.19297684329514306,1,1,0,1,0,0,0,0,0,0,0,1,0,0,0,0,0,0,1,0,0,0,0,0,0,0,0,0,1,1,0,1
-0.5350287430181014,0.2328325134294192,-0.36910447067969354,0.10017172686763123,-1.0716773322472264,-0.19297684329514306,1,1,0,1,0,0,0,0,0,0,0,1,0,0,0,0,0,0,1,0,0,0,0,0,0,0,1,1,1,1,0,1
1.6747541384348712,1.028523459018139,-0.6657417671983727,1.7103166535030325,-1.0716773322472264,0.0447794452985565,1,1,0,1,0,0,0,0,0,0,0,0,0,0,1,0,0,0,0,0,1,0,0,0,0,0,1,1,1,1,0,1
0.056274015780476916,-0.6702767098137776,-0.3438903004756058,2.7166572326501583,-0.35865134409275673,0.2027760181830806,0,1,0,1,0,1,0,0,0,0,0,0,0,0,0,0,0,0,1,0,0,0,0,0,0,0,1,1,1,1,0,1
-1.0418596791311685,-0.9607039049536603,-0.6657417671983727,-0.5036326206206442,1.8992642850630637,-0.19278648597841472,1,0,1,0,1,0,0,1,0,0,0,0,0,0,0,0,0,0,0,0,1,0,0,0,0,0,0,0,0,0,1,1
-0.05691822661810837,-0.9607039049536603,-0.2949451465500237,-0.30236450479121907,0.12858308114613085,-0.19297684329514306,1,1,0,1,0,1,0,0,0,0,0,0,0,0,0,0,0,0,1,0,0,0,0,0,0,0,1,1,1,1,0,1
1.0555756781500742,-0.5628584321593004,-0.14662649829068408,-0.10109638896179392,-1.0716773322472264,-0.19012148354421793,1,1,0,1,0,0,0,1,0,0,0,0,0,0,0,0,0,0,1,0,0,0,0,0,0,0,1,1,0,1,0,1
1.8935361591903455,0.9539274328691963,1.9046204071359825,0.5027079585264815,-1.0716773322472264,-0.19297684329514306,1,1,0,1,0,0,0,0,0,0,0,0,0,0,0,1,0,0,1,0,0,0,0,0,0,0,1,1,1,1,0,1
0.1407458384659881,-0.35597878630623336,-0.06060168230026708,-0.30236450479121907,-0.0021383500155219156,3.238594505366684,1,0,1,0,1,0,0,0,0,0,0,1,0,0,0,0,0,0,0,1,0,0,0,0,0,0,1,1,0,1,0,1
0.9778616012794037,-0.8861078788047179,-0.5545027810038681,1.106512306014757,0.7108876381389477,-0.1621389579851516,1,0,1,0,1,0,0,0,0,0,0,1,0,0,0,0,0,0,1,0,0,0,0,0,0,0,1,1,0,1,0,1
1.407823178748656,0.5560819600748366,3.9321363288411555,1.9115847693324575,-1.0716773322472264,-0.04259456307975263,1,1,0,1,0,1,0,0,0,0,0,0,0,0,0,0,0,0,0,1,0,0,0,0,0,0,1,1,1,1,0,1
-0.40832100898983464,-0.6125891162585955,-0.36910447067969354,0.5027079585264815,-0.12097601470793351,0.9067173754444905,1,0,1,0,1,0,0,0,0,0,0,1,0,0,0,0,0,0,1,0,0,0,0,0,0,0,1,1,0,1,0,1
-0.7115748524308201,-0.4633970639607105,-0.3438903004756058,1.7103166535030325,-0.7151643381699915,0.22276353643955654,1,1,0,1,0,0,0,0,0,0,0,1,0,0,0,0,0,0,1,0,0,0,0,0,0,0,1,1,0,1,0,1
0.44315496368011803,-0.9358385629040128,-0.22078582242035388,-0.5036326206206442,0.3068395781847483,-0.17146646650484038,1,0,1,0,1,0,0,0,0,0,0,1,0,0,0,0,0,0,1,0,0,0,0,0,0,0,0,0,0,1,0,1
0.4363972178652773,-0.08246002376011095,-0.591582443068703,1.5090485376736074,0.8297253028313593,-0.19297684329514306,1,0,1,0,1,0,0,0,0,0,1,0,0,0,0,0,0,0,1,0,0,0,0,0,0,0,1,1,0,1,0,1
1.0834513796362928,-0.8612425367550703,0.8174447153950235,-0.5036326206206442,0.8297253028313593,-0.19297684329514306,1,1,0,1,0,0,0,0,0,0,0,0,0,0,1,0,0,0,0,1,0,0,0,0,0,0,1,0,0,1,0,1
-0.21825940794743445,2.0231371410040384,0.916818209728781,1.7103166535030325,-1.0716773322472264,0.24160891079566243,1,1,0,1,0,0,0,0,0,0,0,1,0,0,0,0,0,0,0,1,0,0,0,0,0,0,1,1,1,1,0,1
-0.3170914404894827,-0.84433410416131,-0.591582443068703,-0.10109638896179392,0.4732123087541245,-0.09779818493097191,1,0,1,0,1,0,0,0,0,1,0,0,0,0,0,0,0,0,1,0,0,0,0,0,0,0,1,1,1,1,0,1
-0.9083941992880611,1.0951625757111942,-0.5663682728646152,-0.30236450479121907,-0.59632667347758,-0.18345897745872594,0,1,0,1,0,0,0,0,0,1,0,0,0,0,0,0,0,0,0,1,0,0,0,0,0,0,1,1,0,1,0,1
-0.8306801224173906,1.3269075636139087,-0.6657417671983727,1.7103166535030325,-1.0716773322472264,-0.19297684329514306,0,0,1,0,1,0,0,0,0,0,0,0,0,0,0,0,0,0,0,0,0,0,1,0,0,0,1,1,0,1,0,1
1.4424566260497154,-0.9199247439922383,-0.591582443068703,1.7103166535030325,1.186238296908594,0.32707934600668814,1,0,1,0,1,0,0,0,0,0,1,0,0,0,0,0,0,0,1,0,0,0,0,0,0,0,1,1,1,1,0,1
-0.7673262554032573,1.2771768795146137,-0.44326379480936334,0.30143984269705637,-1.0716773322472264,-0.1318721446253452,0,0,1,0,1,0,0,0,0,0,0,0,0,1,0,0,0,0,0,1,0,0,0,0,0,0,1,1,1,1,0,1
-0.40832100898983464,-0.4216232893173027,0.8916040395246934,-0.30236450479121907,0.18206003025771605,-0.19297684329514306,1,0,1,0,1,0,0,0,0,1,0,0,0,0,0,0,0,0,1,0,0,0,0,0,0,0,1,1,1,1,0,1
0.745564088894248,0.5391735274810763,1.7073566049510611,2.314121000991308,-1.0716773322472264,0.24484498518004427,0,0,1,0,1,0,1,0,0,0,0,0,0,0,0,0,0,0,0,1,0,0,0,0,0,0,1,1,1,1,0,1
-0.33145165034601975,-0.5549015227034132,-0.07246717416101427,0.10017172686763123,1.1268194645623884,-0.08637674592727136,1,0,1,0,1,0,0,0,0,0,0,0,0,0,0,0,1,0,1,0,0,0,0,0,0,0,1,1,0,1,0,1
-0.08479392810432693,0.33229388162800916,0.5208074188763443,0.9052441901853319,-1.0716773322472264,0.3904683324772261,0,1,0,1,0,0,0,0,0,0,0,1,0,0,0,0,0,0,0,0,1,0,0,0,0,0,1,1,0,1,0,1
-0.7394505539170386,1.2274461954153189,0.07585147409832536,0.9052441901853319,-0.4774890087851683,-0.038977774061914126,1,1,0,1,0,0,1,0,0,0,0,0,0,0,0,0,0,0,1,0,0,0,0,0,0,0,1,1,0,1,0,1
1.3444693117345226,0.630677986223779,1.2624006601730422,0.7039760743559067,1.1565288807354912,9.53428204152315,0,1,0,1,0,0,0,0,0,0,0,0,0,0,0,1,0,0,0,0,1,0,0,0,0,0,1,1,1,1,0,1
0.5065088306942515,-0.7369158265068328,-0.22078582242035388,-0.5036326206206442,1.4892743418742436,-0.19297684329514306,1,0,1,0,1,0,0,0,0,0,0,0,1,0,0,0,0,0,1,0,0,0,0,0,0,0,0,0,0,1,0,1
-0.6406185213749904,-0.6623198003578904,-0.10954683622584917,0.7039760743559067,0.11669931467688968,-0.13073000072497512,1,1,0,1,0,0,0,0,0,0,0,0,1,0,0,0,0,0,0,1,0,0,0,0,0,0,1,1,1,1,0,1
2.484838917988924,0.03390977703223929,0.5208074188763443,0.30143984269705637,-1.0716773322472264,-0.17413146893903717,0,1,0,1,0,0,0,0,0,0,0,0,0,0,0,0,1,0,1,0,0,0,0,0,0,0,1,1,1,1,0,1
0.2742113183090957,2.0231371410040384,0.9286837015895282,1.3077804218441822,-1.0716773322472264,-0.1674689628535452,1,1,0,1,0,0,0,0,1,0,0,0,0,0,0,0,0,0,0,0,0,0,0,0,0,0,1,1,0,1,0,1
1.407823178748656,-0.26447432756353056,0.37248877061700464,-0.5036326206206442,0.2949558117155071,-0.19297684329514306,1,1,0,1,0,0,0,0,0,0,0,0,0,0,0,0,1,0,1,0,0,0,0,0,0,0,1,0,1,0,1,1
-0.8661582879453055,-0.6623198003578904,-0.22078582242035388,-0.5036326206206442,-0.18039484705413933,-0.19145398476131634,1,1,0,1,0,1,0,0,0,0,0,0,0,0,0,0,0,0,1,0,0,0,0,0,0,0,0,0,1,1,0,1
-0.999623767788413,-0.9189301303102525,-0.5797169512079557,1.7103166535030325,-0.59632667347758,-0.17413146893903717,0,1,0,1,0,0,1,0,0,0,0,0,0,0,0,0,0,0,0,1,0,0,0,0,0,0,1,1,1,1,0,1
0.6053408632362997,-0.9189301303102525,-0.6405275969942851,-0.5036326206206442,0.5920499734465361,-0.19297684329514306,1,1,0,1,0,0,0,0,0,0,1,0,0,0,0,0,0,0,1,0,0,0,0,0,0,0,1,0,0,1,0,1
1.9492875621627825,0.9121536582257884,3.6102848621183883,1.7103166535030325,-0.8934208352086089,-0.13586964827664036,1,1,0,1,0,0,0,0,0,0,0,0,0,0,0,0,0,1,0,0,0,1,0,0,0,0,1,1,0,1,0,1
-0.9362699007742796,-0.5956806836648352,0.0016921499686555505,-0.30236450479121907,-0.4774890087851683,-0.1644232457858917,1,1,0,1,0,0,0,0,0,0,0,1,0,0,0,0,0,0,1,0,0,0,0,0,0,0,1,1,1,1,0,1
-0.9295121549594388,1.3935466803069643,1.1140820119137027,-0.5036326206206442,0.9485629675237709,-0.19297684329514306,0,1,0,1,0,0,0,0,0,0,0,1,0,0,0,0,0,0,0,1,0,0,0,0,0,0,1,0,1,1,0,1
-0.7183325982456609,1.3766382477132038,-0.5174231189390331,-0.10109638896179392,0.7108876381389477,-0.08808996177782645,0,1,0,1,0,0,0,0,0,0,0,0,0,1,0,0,0,0,0,1,0,0,0,0,0,0,1,1,0,1,0,1
-0.5350287430181014,-0.26447432756353056,-0.4803434568741982,0.9052441901853319,-1.0716773322472264,1.1507554554902253,1,1,0,1,0,0,0,0,0,1,0,0,0,0,0,0,0,0,1,0,0,0,0,0,0,0,1,1,1,1,0,1
2.118231207533805,2.719366718394168,3.783817680581816,2.9179253484795833,-1.0716773322472264,-0.19297684329514306,1,1,0,1,0,0,0,0,0,0,0,0,1,0,0,0,0,0,0,0,1,0,0,0,0,0,1,1,0,1,0,1
-0.3593273518322383,-0.6294975488523558,0.8426588855991112,1.3077804218441822,1.2991340783663852,-0.03555134236080396,1,1,0,1,0,0,0,0,0,1,0,0,0,0,0,0,0,0,0,1,0,0,0,0,0,0,1,1,1,1,0,1
-0.32384918630432347,-0.5628584321593004,-0.36910447067969354,0.30143984269705637,-0.23981367940034512,1.2430787541034714,1,1,0,1,0,0,0,0,0,0,0,0,0,1,0,0,0,0,0,1,0,0,0,0,0,0,1,1,1,1,0,1
1.0834513796362928,-0.9607039049536603,0.07585147409832536,-0.5036326206206442,-1.0716773322472264,-0.19297684329514306,0,1,0,1,0,0,0,0,0,0,0,1,0,0,0,0,0,0,1,0,0,0,0,0,0,0,1,0,1,1,0,1
1.3655872674059004,-0.4633970639607105,0.07585147409832536,1.9115847693324575,1.3644947939472114,0.28482002169299614,1,1,0,1,0,0,0,1,0,0,0,0,0,0,0,0,0,0,0,0,1,0,0,0,0,0,1,1,0,1,0,1
0.35868314099460685,-0.7786896011502407,-0.44326379480936334,0.30143984269705637,-1.0716773322472264,0.10835878908582283,0,1,0,1,0,0,0,0,0,0,0,0,0,0,0,0,1,0,1,0,0,0,0,0,0,0,1,1,1,1,0,1
-0.5493889528746385,-0.7866465106061279,-0.35723897881894634,-0.5036326206206442,-0.12097601470793351,0.9225170327329429,0,1,0,1,0,0,0,0,0,0,0,0,0,1,0,0,0,0,0,1,0,0,0,0,0,0,1,0,0,1,0,1
2.132591417390342,1.4760996159117936,-0.2949451465500237,0.30143984269705637,0.11669931467688968,-0.19297684329514306,1,1,0,1,0,0,0,1,0,0,0,0,0,0,0,0,0,0,1,0,0,0,0,0,0,0,1,1,0,1,0,1
-0.7462082997318794,-0.9278816534481256,0.0016921499686555505,-0.5036326206206442,-1.0716773322472264,-0.19297684329514306,1,1,0,1,0,0,0,0,0,0,0,1,0,0,0,0,0,0,0,0,0,0,1,0,0,0,0,0,0,0,1,1
-1.3028776112293985,-0.8115118526557753,-0.14662649829068408,0.5027079585264815,1.0198655663392178,-0.06163029475258686,1,1,0,1,0,0,0,0,0,0,0,1,0,0,0,0,0,0,1,0,0,0,0,0,0,0,1,1,0,1,0,1
0.7388063430794072,3.3161349275857077,5.267004163175213,1.7103166535030325,-1.0716773322472264,0.035451936778867724,1,1,0,1,0,0,0,0,0,0,0,0,0,0,0,1,0,0,0,0,0,0,0,1,0,0,1,1,1,1,0,1
1.2811154447203892,-0.8691994462109576,-0.5426372891431208,1.7103166535030325,1.542751290985829,-0.19183469939477302,0,1,0,1,0,0,0,0,0,1,0,0,0,0,0,0,0,0,0,1,0,0,0,0,0,0,1,1,0,1,0,1
-0.7462082997318794,-0.4554401545048233,0.10106564430241309,-0.5036326206206442,-1.0716773322472264,-0.19297684329514306,1,0,1,0,1,0,0,0,0,0,0,1,0,0,0,0,0,0,0,1,0,0,0,0,0,0,1,0,1,1,0,1
0.6610922662087367,0.20796717137977172,2.3006311979884195,2.314121000991308,1.2991340783663852,-0.19297684329514306,1,1,0,1,0,0,0,0,0,1,0,0,0,0,0,0,0,0,0,1,0,0,0,0,0,0,1,1,0,1,0,1
2.3648889297754976,-0.4136663798614155,-0.14662649829068408,0.5027079585264815,-0.7151643381699915,-0.18193611892489922,1,1,0,1,0,1,0,0,0,0,0,0,0,0,0,0,0,0,1,0,0,0,0,0,0,0,1,1,0,1,0,1
0.8866320327790518,-0.9199247439922383,0.8545243774598584,-0.5036326206206442,1.3050759616010057,-0.19297684329514306,1,1,0,1,0,0,0,0,0,0,0,0,0,0,1,0,0,0,0,1,0,0,0,0,0,0,1,0,1,1,0,1
-0.3804453075036161,-0.8115118526557753,0.594966743006014,0.10017172686763123,0.7821902369543946,-0.1644232457858917,1,1,0,1,0,0,0,0,0,0,0,1,0,0,0,0,0,0,0,1,0,0,0,0,0,0,1,1,0,1,0,1
0.7109306415931886,-0.8532856272991831,-0.5174231189390331,0.10017172686763123,0.11669931467688968,-0.002619526566800742,1,0,1,0,1,0,0,0,0,0,0,0,0,0,0,0,1,0,1,0,0,0,0,0,0,0,1,1,1,1,0,1
-0.40832100898983464,-0.11528227526564565,0.6068322348667612,-0.30236450479121907,-0.35865134409275673,-0.19297684329514306,1,1,0,1,0,0,0,0,0,1,0,0,0,0,0,0,0,0,1,0,0,0,0,0,0,0,1,1,0,1,0,1
0.014038104437721317,2.2548821289067527,0.22417012235766498,1.3077804218441822,0.4137934764079187,-0.05401600208345317,1,1,0,1,0,0,0,0,0,0,0,0,1,0,0,0,0,0,1,0,0,0,0,0,0,0,1,1,1,1,0,1
0.8021602100935407,-0.5549015227034132,-0.6286621051335378,4.125534043456134,1.6318795395051375,0.042304800181088044,0,0,1,0,1,0,1,0,0,0,0,0,0,0,0,0,0,0,0,1,0,0,0,0,0,0,1,1,0,1,0,1
0.8021602100935407,-0.9527469954977731,-0.6538762753376256,-0.30236450479121907,2.2557772791402986,-0.19297684329514306,1,1,0,1,0,0,0,0,0,0,0,0,0,0,0,1,0,0,1,0,0,0,0,0,0,0,0,1,1,0,1,1
-0.5705069085460163,-0.36393569576212054,-0.12141232808659636,3.320461580138433,-1.0716773322472264,-0.09779818493097191,0,1,0,1,0,0,1,0,0,0,0,0,0,0,0,0,0,0,0,1,0,0,0,0,0,0,1,1,1,1,0,1
-0.4927928316753458,1.5258303000110887,-0.3068106384107709,12.981331139950841,-0.23981367940034512,-0.14386465557923075,1,1,0,1,0,0,0,0,0,1,0,0,0,0,0,0,0,0,1,0,0,0,0,0,0,0,1,1,0,1,0,1
-0.4860350858605051,-0.8115118526557753,-0.591582443068703,-0.5036326206206442,1.0020399166353562,-0.1885986250103912,1,1,0,1,0,0,0,0,0,0,0,1,0,0,0,0,0,0,0,0,1,0,0,0,0,0,1,0,1,1,0,1
0.6475767745790553,-0.6374544583082429,-0.22078582242035388,1.5090485376736074,0.03351294939220156,0.7017025453280659,1,1,0,1,0,0,0,0,0,0,0,1,0,0,0,0,0,0,1,0,0,0,0,0,0,0,1,1,1,1,0,1
0.37980109666598466,-0.7617811685564804,-0.07246717416101427,1.7103166535030325,-1.0716773322472264,-0.10617390686701897,0,1,0,1,0,0,0,0,0,0,0,1,0,0,0,0,0,0,1,0,0,0,0,0,0,0,1,1,1,1,0,1
1.3089911462066077,1.6252916682096785,0.8663898693206056,1.3077804218441822,-1.0716773322472264,-0.19297684329514306,0,1,0,1,0,0,0,0,0,0,0,0,0,0,1,0,0,0,0,0,1,0,0,0,0,0,1,1,0,1,0,1
-1.0418596791311685,0.9290620908195489,-0.22078582242035388,-0.5036326206206442,-0.35865134409275673,0.22695139740758008,1,1,0,1,0,1,0,0,0,0,0,0,0,0,0,0,0,0,1,0,0,0,0,0,0,0,1,0,1,1,0,1
-0.26049531929019004,-0.26447432756353056,-0.4180496246052756,-0.5036326206206442,0.5920499734465361,-0.19297684329514306,0,1,0,1,0,1,0,0,0,0,0,0,0,0,0,0,0,0,1,0,0,0,0,0,0,0,1,0,1,0,1,1
0.8165204199500776,-0.15705604990905342,1.410719308432382,1.106512306014757,0.8297253028313593,-0.19297684329514306,1,1,0,1,0,0,0,0,0,1,0,0,0,0,0,0,0,0,0,1,0,0,0,0,0,0,1,1,1,1,0,1
0.2463356168228771,-0.11528227526564565,0.2983294464873348,-0.10109638896179392,0.5563986740388126,-0.07685888009085425,1,1,0,1,0,0,0,0,0,0,0,0,0,0,1,0,0,0,0,0,1,0,0,0,0,0,1,1,1,1,0,1
-0.6406185213749904,-0.8284202852495356,-0.6167966132727907,-0.5036326206206442,-0.4774890087851683,-0.19297684329514306,1,1,0,1,0,0,0,0,0,0,0,1,0,0,0,0,0,0,1,0,0,0,0,0,0,0,0,0,1,1,0,1
1.3444693117345226,-0.36393569576212054,3.4501007219983015,-0.10109638896179392,2.0121600665208548,0.13139202440995226,0,1,0,1,0,0,0,0,0,0,0,0,0,1,0,0,0,0,1,0,0,0,0,0,0,0,1,1,0,1,0,1
-0.2959734848181049,-0.5628584321593004,0.5697525728019264,-0.10109638896179392,0.003803533219098664,-0.19297684329514306,1,1,0,1,0,0,0,0,0,0,1,0,0,0,0,0,0,0,0,1,0,0,0,0,0,0,1,1,0,1,0,1
-0.7462082997318794,-0.6454113677641301,0.2493842925617527,0.7039760743559067,-0.59632667347758,-0.19297684329514306,1,0,1,0,1,1,0,0,0,0,0,0,0,0,0,0,0,0,1,0,0,0,0,0,0,0,1,1,1,1,0,1
0.1331433744242918,-0.040686249116703176,-0.18370616035551898,-0.10109638896179392,-1.0716773322472264,-0.19297684329514306,0,1,0,1,0,0,1,0,0,0,0,0,0,0,0,0,0,0,0,1,0,0,0,0,0,0,1,1,1,1,0,1
-0.9295121549594388,1.028523459018139,0.07585147409832536,-0.5036326206206442,-0.8340020028624031,-0.19297684329514306,1,0,1,0,1,0,0,0,0,0,0,1,0,0,0,0,0,0,1,0,0,0,0,0,0,0,1,0,1,0,1,1
-0.8594005421304647,0.531216618025189,-0.2459999926244416,-0.30236450479121907,-0.59632667347758,1.672524860642612,1,1,0,1,0,0,0,0,0,0,0,0,0,0,0,0,1,0,1,0,0,0,0,0,0,0,1,1,1,1,0,1
0.4921486208377144,0.33229388162800916,0.594966743006014,1.9115847693324575,-0.5190821914275123,-0.19297684329514306,1,1,0,1,0,0,0,1,0,0,0,0,0,0,0,0,0,0,0,1,0,0,0,0,0,0,1,1,0,1,0,1
0.1829817498087437,-0.8861078788047179,-0.5545027810038681,-0.5036326206206442,0.7108876381389477,-0.184601121359096,0,1,0,1,0,0,0,0,0,1,0,0,0,0,0,0,0,0,1,0,0,0,0,0,0,0,0,0,1,1,0,1
-0.7039723883891238,1.2523115374649663,-0.5292886107997803,-0.30236450479121907,-0.4774890087851683,-0.19297684329514306,1,1,0,1,0,0,0,0,0,0,0,0,0,1,0,0,0,0,0,1,0,0,0,0,0,0,1,1,1,1,0,1
-0.6195005657036127,-0.7866465106061279,0.7062057292005188,-0.10109638896179392,2.0181019497554753,0.18773779016154157,1,1,0,1,0,0,1,0,0,0,0,0,0,0,0,0,0,0,1,0,0,0,0,0,0,0,1,1,0,1,0,1
-0.9295121549594388,-0.4803054965544708,-0.07246717416101427,1.7103166535030325,0.11669931467688968,0.3780951068898839,1,1,0,1,0,0,0,0,0,0,0,1,0,0,0,0,0,0,1,0,0,0,0,0,0,0,1,1,0,1,0,1
0.8798742869642111,-0.8771563556668447,-0.6034479349294501,0.7039760743559067,0.2355369793693013,-0.012518107036674542,1,1,0,1,0,0,0,0,0,0,0,1,0,0,0,0,0,0,0,1,0,0,0,0,0,0,1,1,1,1,0,1
0.5977383991946034,-0.29729657906906526,0.5208074188763443,2.314121000991308,1.2040639466124559,0.06286339038774902,1,1,0,1,0,1,0,0,0,0,0,0,0,0,0,0,0,0,1,0,0,0,0,0,0,0,1,1,1,1,0,1
-0.6972146425742831,-0.7617811685564804,-0.4180496246052756,-0.5036326206206442,0.7108876381389477,-0.19297684329514306,1,1,0,1,0,0,0,0,0,0,0,1,0,0,0,0,0,0,1,0,0,0,0,0,0,0,1,0,1,0,1,1
-0.6972146425742831,0.20796717137977172,0.27459846276584043,1.5090485376736074,-0.35865134409275673,-0.1463393006966992,0,1,0,1,0,0,1,0,0,0,0,0,0,0,0,0,0,0,1,0,0,0,0,0,0,0,1,1,1,1,0,1
0.217615197109803,-0.9447900860418859,-0.6538762753376256,-0.30236450479121907,0.5920499734465361,0.18773779016154157,1,0,1,0,1,0,0,1,0,0,0,0,0,0,0,0,0,0,0,0,1,0,0,0,0,0,1,1,0,1,0,1
0.3096894838370105,-0.4633970639607105,0.6691260671356839,0.9052441901853319,-0.18039484705413933,0.048776948949851684,1,1,0,1,0,0,0,0,0,0,1,0,0,0,0,0,0,0,1,0,0,0,0,0,0,0,1,1,1,1,0,1
0.49975108487941067,-0.5549015227034132,-0.6538762753376256,-0.5036326206206442,1.3050759616010057,0.9110955937292424,1,1,0,1,0,1,0,0,0,0,0,0,0,0,0,0,0,0,1,0,0,0,0,0,0,0,1,0,0,1,0,1
-0.9573878564456574,0.15823648728047673,-0.15849199015143126,-0.5036326206206442,-0.35865134409275673,-0.19297684329514306,1,1,0,1,0,1,0,0,0,0,0,0,0,0,0,0,0,0,1,0,0,0,0,0,0,0,1,0,1,0,1,1
1.9281696064914047,0.38202456572730414,0.11293113616316026,1.7103166535030325,-1.0716773322472264,-0.13891536534429386,1,1,0,1,0,0,0,0,0,0,0,1,0,0,0,0,0,0,0,1,0,0,0,0,0,0,1,1,0,1,0,1
0.563104951893544,1.0533888010677863,0.07585147409832536,0.7039760743559067,2.0181019497554753,-0.15566680921638798,1,1,0,1,0,0,0,0,0,0,0,0,0,1,0,0,0,0,1,0,0,0,0,0,0,0,1,1,1,1,0,1
0.7666820445656257,0.03390977703223929,0.8174447153950235,0.9052441901853319,-1.0716773322472264,0.3904683324772261,1,1,0,1,0,0,0,0,0,0,0,1,0,0,0,0,0,0,1,0,0,0,0,0,0,0,1,1,1,1,0,1
0.8933897785938926,-0.7538242591005931,0.8174447153950235,0.7039760743559067,1.8992642850630637,1.7105963239882804,1,1,0,1,0,1,0,0,0,0,0,0,0,0,0,0,0,0,1,0,0,0,0,0,0,0,1,1,0,1,0,1
-0.4015632631749939,-0.7369158265068328,-0.2949451465500237,-0.5036326206206442,-1.0716773322472264,0.8155362207316146,1,1,0,1,0,0,0,0,0,0,0,0,0,1,0,0,0,0,0,1,0,0,0,0,0,0,1,0,1,1,0,1
-1.0283441875014872,0.9290620908195489,-0.36910447067969354,-0.5036326206206442,-0.7151643381699915,-0.11683391660380614,1,1,0,1,0,0,1,0,0,0,0,0,0,0,0,0,0,0,1,0,0,0,0,0,0,0,1,0,0,1,0,1
-0.9438723648159759,1.028523459018139,-0.36910447067969354,0.30143984269705637,-0.7745831705161973,0.08589662571187844,0,1,0,1,0,0,0,0,0,0,0,1,0,0,0,0,0,0,0,1,0,0,0,0,0,0,1,1,1,1,0,1
0.971103855464563,-0.9030163113984782,-0.14662649829068408,1.106512306014757,-0.4774890087851683,-0.1215928495220147,1,0,1,0,1,0,0,0,0,1,0,0,0,0,0,0,0,0,0,1,0,0,0,0,0,0,1,1,1,1,0,1
0.8300359115797592,-0.9607039049536603,3.783817680581816,-0.5036326206206442,-1.0716773322472264,-0.19297684329514306,1,1,0,1,0,0,0,0,0,0,0,1,0,0,0,0,0,0,0,0,1,0,0,0,0,0,1,0,1,1,0,1
-0.7673262554032573,0.16619339673636394,0.10106564430241309,0.9052441901853319,-0.3051743949811715,0.42701693728906787,0,1,0,1,0,0,1,0,0,0,0,0,0,0,0,0,0,0,1,0,0,0,0,0,0,0,1,1,1,1,0,1
0.8376383756214555,0.03390977703223929,0.8174447153950235,0.7039760743559067,1.7210077880244463,-0.19297684329514306,1,1,0,1,0,0,1,0,0,0,0,0,0,0,0,0,0,0,0,1,0,0,0,0,0,0,1,1,0,1,0,1
-0.6059850740739311,0.3571592236776566,0.9657633636543631,-0.5036326206206442,-0.4774890087851683,-0.19297684329514306,1,0,1,0,1,0,0,0,0,0,0,0,1,0,0,0,0,0,1,0,0,0,0,0,0,0,1,0,0,0,1,1
-0.45815938437428655,0.7629616059279035,-0.2459999926244416,-0.5036326206206442,-0.12097601470793351,-0.1644232457858917,0,1,0,1,0,0,0,0,0,0,0,0,0,0,0,0,1,0,1,0,0,0,0,0,0,0,1,0,1,1,0,1
0.9009922426355889,0.04186668648812649,3.1163837634147877,-0.5036326206206442,-0.525024074662133,-0.19297684329514306,1,1,0,1,0,0,1,0,0,0,0,0,0,0,0,0,0,0,0,1,0,0,0,0,0,0,1,0,0,1,0,1
-1.0207417234597909,0.33229388162800916,-0.23265131428110106,0.9052441901853319,-0.59632667347758,0.36933867032038015,1,1,0,1,0,1,0,0,0,0,0,0,0,0,0,0,0,0,0,1,0,0,0,0,0,0,1,1,1,1,0,1
0.9288679441218074,0.017001344438479005,0.27311527628324705,-0.5036326206206442,-0.7626994040469561,0.08151840742712657,1,0,1,0,1,1,0,0,0,0,0,0,0,0,0,0,0,0,1,0,0,0,0,0,0,0,1,0,0,1,0,1
0.639974310537359,0.2328325134294192,-0.28307965468927654,0.5027079585264815,-0.42995394290820366,0.015845133155848463,1,1,0,1,0,0,0,1,0,0,0,0,0,0,0,0,0,0,1,0,0,0,0,0,0,0,1,1,0,1,0,1
-0.28161327496156785,-0.8861078788047179,-0.4922089487349454,0.30143984269705637,-0.59632667347758,-0.19297684329514306,0,1,0,1,0,0,1,0,0,0,0,0,0,0,0,0,0,0,1,0,0,0,0,0,0,0,1,1,1,1,0,1
-0.1692657507898381,-0.8691994462109576,-0.505557627078286,0.30143984269705637,1.186238296908594,-0.09779818493097191,0,1,0,1,0,0,0,0,0,0,1,0,0,0,0,0,0,0,1,0,0,0,0,0,0,0,1,1,1,1,0,1
0.2252176611514993,-0.6543628909020032,-0.2089203305596067,-0.30236450479121907,2.0181019497554753,9.324888993121974,1,1,0,1,0,0,0,0,0,1,0,0,0,0,0,0,0,0,1,0,0,0,0,0,0,0,1,1,0,1,0,1
-1.0418596791311685,0.7470477870161295,-0.44326379480936334,0.9052441901853319,-0.5012565417236506,-0.19297684329514306,0,1,0,1,0,0,0,0,0,1,0,0,0,0,0,0,0,0,0,1,0,0,0,0,0,0,1,1,1,1,0,1
-0.9573878564456574,0.8793314067202539,-0.1718406684947718,0.10017172686763123,-0.8340020028624031,-0.18764683842674948,1,1,0,1,0,0,0,0,0,0,0,1,0,0,0,0,0,0,1,0,0,0,0,0,0,0,1,1,0,1,0,1
0.5276267863656292,0.13337114523082924,-0.6286621051335378,-0.5036326206206442,0.28307204524626595,-0.19297684329514306,0,1,0,1,0,0,1,0,0,0,0,0,0,0,0,0,0,0,1,0,0,0,0,0,0,0,1,0,0,1,0,1
-0.7605685095884165,0.722182444966482,0.06398598223757818,-0.5036326206206442,-0.0972084817694512,-0.19297684329514306,0,0,1,0,1,0,0,0,0,0,0,0,0,1,0,0,0,0,1,0,0,0,0,0,0,0,0,0,1,1,0,1
0.4076767981522032,-0.537993090109653,-0.6405275969942851,-0.30236450479121907,-0.7745831705161973,0.032977291661399274,1,0,1,0,1,1,0,0,0,0,0,0,0,0,0,0,0,0,1,0,0,0,0,0,0,0,1,1,1,1,0,1
1.6823566024765675,-0.9527469954977731,-0.6538762753376256,-0.5036326206206442,-1.0716773322472264,0.3780951068898839,1,1,0,1,0,0,0,0,0,0,0,0,0,1,0,0,0,0,0,1,0,0,0,0,0,0,1,0,1,1,0,1
0.8866320327790518,0.9867496843747309,1.6954911130903143,1.106512306014757,-1.0716773322472264,-0.19297684329514306,1,1,0,1,0,0,0,0,0,0,0,0,0,1,0,0,0,0,0,1,0,0,0,0,0,0,1,1,1,1,0,1
0.2252176611514993,0.08364046113153427,-0.6405275969942851,-0.5036326206206442,0.6514688057927419,-0.19183469939477302,1,1,0,1,0,1,0,0,0,0,0,0,0,0,0,0,0,0,1,0,0,0,0,0,0,0,0,0,0,1,0,1
2.864962120073724,1.2274461954153189,5.267004163175213,0.9052441901853319,-0.9409559010855736,-0.19297684329514306,1,1,0,1,0,0,0,0,0,0,0,0,0,0,0,1,0,0,0,0,0,0,0,1,0,0,1,1,0,1,0,1
-0.5493889528746385,1.5258303000110887,0.22417012235766498,-0.5036326206206442,-0.9528396675548148,-0.19297684329514306,1,1,0,1,0,0,0,0,0,0,0,0,0,0,0,0,1,0,1,0,0,0,0,0,0,0,1,0,0,0,1,1
0.7878000002370036,1.028523459018139,-0.14662649829068408,-0.5036326206206442,-0.8993627184432295,-0.03364776919352054,0,1,0,1,0,0,1,0,0,0,0,0,0,0,0,0,0,0,0,1,0,0,0,0,0,0,1,0,1,1,0,1
1.5480464044066042,1.741661469002029,1.8556752532104008,-0.5036326206206442,-1.0716773322472264,-0.19297684329514306,0,1,0,1,0,0,0,0,0,0,1,0,0,0,0,0,0,0,0,1,0,0,0,0,0,0,1,0,0,1,0,1
-0.02144006109019353,-0.2147436434642356,-0.4803434568741982,1.3077804218441822,0.003803533219098664,-0.19297684329514306,0,1,0,1,0,0,0,0,0,1,0,0,0,0,0,0,0,0,0,1,0,0,0,0,0,0,1,1,0,1,0,1
0.8300359115797592,-0.7617811685564804,0.0016921499686555505,-0.5036326206206442,-1.0716773322472264,-0.13586964827664036,0,1,0,1,0,0,0,0,0,0,0,0,0,0,1,0,0,0,0,0,1,0,0,0,0,0,1,0,0,1,0,1
-0.5705069085460163,1.5258303000110887,-0.22078582242035388,1.9115847693324575,-0.35865134409275673,-0.08504424471017297,0,1,0,1,0,0,0,0,0,0,0,0,0,0,0,0,1,0,1,0,0,0,0,0,0,0,1,1,0,1,0,1
-1.133933965858376,-0.8861078788047179,2.3006311979884195,-0.5036326206206442,0.7108876381389477,-0.19297684329514306,0,0,0,0,0,0,0,0,0,1,0,0,0,0,0,0,0,0,0,0,0,1,0,0,0,0,0,0,0,0,1,1
2.2736593612751457,3.2166735593871176,2.3006311979884195,2.1128528851618826,-1.0716773322472264,1.0824171787847505,0,1,0,1,0,0,0,0,0,0,0,0,0,0,1,0,0,0,0,0,1,0,0,0,0,0,1,1,1,1,0,1
0.014038104437721317,-0.795598033744001,-0.26973097634593596,1.106512306014757,0.7287132878428094,0.43329872874110315,1,1,0,1,0,0,0,0,0,0,0,0,0,1,0,0,0,0,1,0,0,0,0,0,0,0,1,1,0,1,0,1
-0.6693389410880646,-0.8691994462109576,0.11293113616316026,0.7039760743559067,0.16423438055385434,-0.1269228543904083,1,0,1,0,1,1,0,0,0,0,0,0,0,0,0,0,0,0,1,0,0,0,0,0,0,0,1,1,0,1,0,-1
-0.31033369467464195,-0.16501295936494062,1.0399226877840329,-0.10109638896179392,-0.6260360896506828,-0.19297684329514306,1,0,1,0,1,0,0,0,0,0,0,0,0,0,1,0,0,0,0,1,0,0,0,0,0,0,1,1,0,1,0,-1
-0.5916248642173941,-0.6125891162585955,-0.6167966132727907,-0.5036326206206442,-0.28734874527730975,-0.19297684329514306,0,0,1,0,1,0,0,0,0,0,0,1,0,0,0,0,0,0,1,0,0,0,0,0,0,0,0,0,1,1,0,-1
1.323351356063145,0.20001026192388452,0.9657633636543631,-0.5036326206206442,1.6912983718513435,-0.1644232457858917,1,1,0,1,0,1,0,0,0,0,0,0,0,0,0,0,0,0,1,0,0,0,0,0,0,0,0,0,1,1,0,-1
-0.1692657507898381,-0.7448727359627201,-0.36910447067969354,-0.5036326206206442,0.5920499734465361,-0.1905021981776746,0,0,1,0,1,0,0,0,0,0,0,0,0,1,0,0,0,0,1,0,0,0,0,0,0,0,0,0,1,1,0,-1
-0.5705069085460163,1.757575287913803,-0.22078582242035388,-0.5036326206206442,0.5920499734465361,-0.19278648597841472,0,1,0,1,0,0,1,0,0,0,0,0,0,0,0,0,0,0,0,1,0,0,0,0,0,0,0,0,1,1,0,-1
-0.23937736361881226,1.9236757728054483,-0.6286621051335378,-0.5036326206206442,-1.0716773322472264,-0.13853465071083718,1,1,0,1,0,0,0,0,0,0,0,0,1,0,0,0,0,0,1,0,0,0,0,0,0,0,0,0,1,1,0,-1
0.7954024642786999,-0.5131277480600055,2.3006311979884195,-0.5036326206206442,-0.025905882954004235,-0.19297684329514306,1,0,1,0,1,0,0,0,0,0,0,0,0,1,0,0,0,0,0,1,0,0,0,0,0,0,1,0,0,1,0,-1
0.2809690641239364,-0.4633970639607105,0.22417012235766498,-0.5036326206206442,0.11669931467688968,-0.19297684329514306,1,0,1,0,1,1,0,0,0,0,0,0,0,0,0,0,0,0,1,0,0,0,0,0,0,0,0,0,1,0,1,-1
-0.682854432717746,-0.7617811685564804,-0.5174231189390331,-0.5036326206206442,0.5920499734465361,-0.19297684329514306,1,1,0,1,0,0,0,0,0,0,0,1,0,0,0,0,0,0,1,0,0,0,0,0,0,0,0,0,0,0,1,-1
-1.1474494574880576,-0.9199247439922383,-0.6538762753376256,-0.5036326206206442,0.5920499734465361,-0.050208855748886325,1,1,0,1,0,0,0,0,0,0,0,0,0,0,0,0,1,0,1,0,0,0,0,0,0,0,0,0,1,1,0,-1
0.44315496368011803,-0.023777816522942894,-0.6657417671983727,-0.5036326206206442,-0.12097601470793351,-0.19297684329514306,0,1,0,1,0,0,0,0,0,0,0,0,0,0,0,0,0,1,0,0,0,1,0,0,0,0,0,0,1,1,0,-1
-0.6059850740739311,-0.4633970639607105,0.6691260671356839,-0.5036326206206442,0.11669931467688968,-0.10617390686701897,0,0,1,0,1,0,0,0,0,0,0,0,0,0,1,0,0,0,0,0,1,0,0,0,0,0,0,0,1,1,0,-1
-0.31033369467464195,-0.7617811685564804,0.22417012235766498,-0.5036326206206442,-0.025905882954004235,-0.09075496421202324,1,0,1,0,1,0,0,0,0,0,0,0,1,0,0,0,0,0,0,1,0,0,0,0,0,0,0,0,1,1,0,-1
-0.02144006109019353,-0.39675794726765523,-0.6657417671983727,0.5027079585264815,-0.025905882954004235,-0.1651846750528051,1,1,0,1,0,0,0,0,0,0,0,0,0,0,0,0,0,1,0,0,0,1,0,0,0,0,0,1,1,1,0,-1
-0.45055692033259026,1.5258303000110887,-0.2949451465500237,-0.5036326206206442,-1.0716773322472264,-0.18974076891076125,1,0,1,0,1,0,0,0,0,0,1,0,0,0,0,0,0,0,0,1,0,0,0,0,0,0,0,0,0,1,0,-1
2.1604671188765603,-0.894064788260605,-0.36910447067969354,-0.5036326206206442,0.42567724287715986,0.225238181557025,0,1,0,1,0,0,0,0,0,0,0,0,0,0,1,0,0,0,0,0,1,0,0,0,0,0,1,0,0,1,0,-1
0.9922218111359408,4.054138279619245,-0.6034479349294501,-0.30236450479121907,3.444153926064415,-0.17584468478959225,1,1,0,1,0,0,1,0,0,0,0,0,0,0,0,0,0,0,0,1,0,0,0,0,0,0,1,1,1,1,0,-1
-0.9928660219735722,-0.8115118526557753,-0.42991511646602276,0.5027079585264815,-0.23981367940034512,-0.19202505671150136,0,1,0,1,0,0,0,0,0,0,0,1,0,0,0,0,0,0,1,0,0,0,0,0,0,0,1,1,0,1,0,-1
-0.4927928316753458,-0.9030163113984782,-0.22078582242035388,-0.5036326206206442,-0.12097601470793351,-0.19297684329514306,1,0,1,0,1,0,0,0,0,0,0,1,0,0,0,0,0,0,1,0,0,0,0,0,0,0,0,0,0,1,0,-1
-0.19714145227605667,-0.26447432756353056,0.37248877061700464,0.10017172686763123,0.8832022519429445,-0.19297684329514306,1,1,0,1,0,1,0,0,0,0,0,0,0,0,0,0,0,0,1,0,0,0,0,0,0,0,1,1,0,1,0,-1
-0.28161327496156785,-0.9358385629040128,-0.6405275969942851,-0.5036326206206442,0.21176944643081896,0.2067735218343758,1,0,1,0,1,0,0,0,0,0,1,0,0,0,0,0,0,0,1,0,0,0,0,0,0,0,0,0,1,1,0,-1
-0.7183325982456609,-0.8363771947054228,-0.6286621051335378,-0.5036326206206442,-0.0021383500155219156,-0.19278648597841472,1,0,1,0,1,0,0,0,0,0,0,0,0,0,0,0,1,0,1,0,0,0,0,0,0,0,1,0,1,1,0,-1
0.2463356168228771,-0.6951420518634251,-0.6286621051335378,-0.5036326206206442,1.542751290985829,0.6636310819823974,1,1,0,1,0,0,0,0,0,0,0,0,0,0,1,0,0,0,0,0,1,0,0,0,0,0,0,0,0,1,0,-1
-1.1474494574880576,1.0702972336615468,-0.6657417671983727,-0.5036326206206442,-1.0716773322472264,-0.18345897745872594,0,1,0,1,0,0,0,0,0,0,0,0,0,0,0,0,0,1,0,0,0,1,0,0,0,0,0,0,1,1,0,-1
-0.5282709972032607,1.7247530364082684,-0.07246717416101427,-0.30236450479121907,0.11669931467688968,-0.19278648597841472,0,0,1,0,1,0,0,0,0,0,0,0,0,0,0,0,0,1,0,0,0,1,0,0,0,0,0,1,0,1,0,-1
0.4152792621938995,-0.8115118526557753,-0.4922089487349454,-0.5036326206206442,0.3543746440617129,-0.19240577134495804,1,0,1,0,1,0,0,0,0,0,0,0,1,0,0,0,0,0,1,0,0,0,0,0,0,0,0,0,1,1,0,-1
1.4779347915776302,-0.6623198003578904,-0.6657417671983727,-0.5036326206206442,-0.4774890087851683,-0.18783719574347782,0,1,0,1,0,0,0,0,0,0,0,0,0,0,0,0,0,0,0,0,0,0,1,0,0,0,1,0,0,1,0,-1
-0.7816864652597942,-0.7120504844571854,0.2983294464873348,-0.5036326206206442,0.5920499734465361,-0.19297684329514306,0,0,1,0,1,0,0,0,0,0,0,0,0,0,0,0,0,1,0,0,0,1,0,0,0,0,0,0,1,1,0,-1
-0.24697982766050855,-0.2565174181076434,-0.5174231189390331,-0.5036326206206442,-0.05561529912710714,-0.19297684329514306,0,1,0,1,0,0,0,0,0,0,0,0,0,0,1,0,0,0,0,0,1,0,0,0,0,0,1,0,0,1,0,-1
1.4568168359062523,4.277926358066073,-0.6657417671983727,-0.5036326206206442,-1.0716773322472264,-0.19297684329514306,1,0,1,0,1,0,0,0,0,0,0,0,0,0,0,0,0,1,0,0,0,1,0,0,0,0,1,0,0,1,0,-1
-1.0840955904739242,0.03390977703223929,-0.5545027810038681,-0.10109638896179392,-1.0716773322472264,-0.18574326525946605,1,1,0,1,0,0,1,0,0,0,0,0,0,0,0,0,0,0,1,0,0,0,0,0,0,0,1,1,1,1,0,-1
0.2252176611514993,-0.4136663798614155,0.07585147409832536,-0.5036326206206442,0.3068395781847483,-0.1549053799494746,1,1,0,1,0,0,0,0,0,0,0,0,0,0,1,0,0,0,0,0,1,0,0,0,0,0,0,0,0,1,0,-1
-0.7462082997318794,0.43175524982659913,-0.6167966132727907,-0.5036326206206442,-0.12097601470793351,-0.19297684329514306,0,1,0,1,0,0,0,0,0,0,0,1,0,0,0,0,0,0,1,0,0,0,0,0,0,0,0,0,1,1,0,-1
-1.1128160101869984,-0.7200073939130726,-0.6657417671983727,-0.5036326206206442,-0.4774890087851683,-0.19297684329514306,1,0,1,0,1,0,0,0,0,0,0,0,0,0,0,1,0,0,0,0,0,0,0,0,0,1,0,0,1,1,0,-1
-0.11266962959054547,-0.7448727359627201,-0.6538762753376256,-0.5036326206206442,-0.06155718236172772,-0.1589028836007698,1,0,1,0,1,0,0,0,0,0,0,1,0,0,0,0,0,0,1,0,0,0,0,0,0,0,0,0,1,1,0,-1
-0.03580027094673058,-0.6623198003578904,-0.6538762753376256,-0.5036326206206442,-0.12097601470793351,-0.19297684329514306,1,0,1,0,1,1,0,0,0,0,0,0,0,0,0,0,0,0,1,0,0,0,0,0,0,0,0,0,1,0,1,-1
-0.8729160337601463,-0.9109732208543653,-0.591582443068703,-0.5036326206206442,0.5920499734465361,-0.15414395068256123,1,0,1,0,1,0,0,0,0,0,0,1,0,0,0,0,0,0,0,1,0,0,0,0,0,0,0,0,1,1,0,-1
-0.9362699007742796,-0.7448727359627201,-0.22078582242035388,-0.5036326206206442,-0.42995394290820366,-0.19164434207804468,1,1,0,1,0,0,1,0,0,0,0,0,0,0,0,0,0,0,1,0,0,0,0,0,0,0,0,0,1,1,0,-1
-1.0283441875014872,1.2105377628215583,-0.4922089487349454,-0.10109638896179392,0.11669931467688968,-0.19164434207804468,1,1,0,1,0,0,0,0,0,0,0,1,0,0,0,0,0,0,0,0,1,0,0,0,0,0,0,1,0,1,0,-1
0.5065088306942515,-0.6125891162585955,-0.591582443068703,-0.5036326206206442,-0.0972084817694512,-0.11683391660380614,1,0,1,0,1,0,0,0,0,0,0,1,0,0,0,0,0,0,0,0,1,0,0,0,0,0,1,0,0,1,0,-1
-0.9717480663021945,0.43175524982659913,-0.5174231189390331,-0.5036326206206442,-1.0716773322472264,-0.19297684329514306,1,1,0,1,0,0,0,0,0,0,0,1,0,0,0,0,0,0,1,0,0,0,0,0,0,0,0,0,1,1,0,-1
-0.5916248642173941,-0.7538242591005931,-0.5174231189390331,0.10017172686763123,-0.0021383500155219156,-0.16499431773607676,0,0,1,0,1,0,0,0,0,0,0,0,0,0,0,0,0,1,0,0,0,1,0,0,0,0,1,1,1,1,0,-1
-0.7960466751163313,-0.4962193154662452,-0.44326379480936334,-0.5036326206206442,-0.0021383500155219156,-0.19297684329514306,1,1,0,1,0,0,0,0,0,0,1,0,0,0,0,0,0,0,1,0,0,0,0,0,0,0,0,0,1,1,0,-1
-0.8239223766025499,-0.6125891162585955,-0.6657417671983727,-0.5036326206206442,-0.12097601470793351,-0.19297684329514306,0,0,1,0,1,0,0,0,0,0,0,0,0,0,0,0,0,0,0,0,0,0,1,0,0,0,0,0,1,1,0,-1
-1.0207417234597909,0.4814859339258941,-0.6538762753376256,-0.30236450479121907,-0.4774890087851683,-0.19278648597841472,1,1,0,1,0,0,0,1,0,0,0,0,0,0,0,0,0,0,1,0,0,0,0,0,0,0,0,1,1,1,0,-1
-0.9649903204873537,-0.7120504844571854,-0.6657417671983727,-0.5036326206206442,-1.0716773322472264,-0.19297684329514306,0,1,0,1,0,0,0,0,0,0,0,1,0,0,0,0,0,0,1,0,0,0,0,0,0,0,0,0,1,1,0,-1
0.2809690641239364,-0.7120504844571854,-0.5174231189390331,-0.5036326206206442,-0.12097601470793351,-0.19297684329514306,0,0,1,0,1,0,0,0,0,0,0,0,0,0,1,0,0,0,0,1,0,0,0,0,0,0,0,0,0,1,0,-1
-0.16250800497499737,-0.6125891162585955,-0.2949451465500237,-0.5036326206206442,0.5920499734465361,-0.19297684329514306,0,0,1,0,1,0,0,0,0,0,1,0,0,0,0,0,0,0,1,0,0,0,0,0,0,0,0,0,0,1,0,-1
0.3865588424808254,-0.4554401545048233,-0.6657417671983727,-0.5036326206206442,-1.0716773322472264,-0.002619526566800742,1,1,0,1,0,0,0,0,0,0,0,0,0,0,0,0,0,1,0,0,0,1,0,0,0,0,0,0,1,1,0,-1
-0.5139107873467237,-0.8532856272991831,-0.6167966132727907,-0.30236450479121907,0.5445149075695714,-0.10845819466775908,1,1,0,1,0,1,0,0,0,0,0,0,0,0,0,0,0,0,1,0,0,0,0,0,0,0,0,1,1,1,0,-1
0.6754524760652738,-0.6374544583082429,-0.22078582242035388,-0.5036326206206442,-1.0716773322472264,-0.1328239312089869,1,1,0,1,0,0,0,0,0,0,0,1,0,0,0,0,0,0,1,0,0,0,0,0,0,0,0,0,1,1,0,-1
2.618304397832031,1.5755609841103837,0.8174447153950235,-0.5036326206206442,-0.4061864099697214,-0.19297684329514306,1,0,1,0,1,0,0,0,0,0,0,1,0,0,0,0,0,0,0,1,0,0,0,0,0,0,1,0,1,1,0,-1
-0.40832100898983464,1.9405842053992088,-0.6657417671983727,-0.5036326206206442,-0.014022116484763076,-0.19297684329514306,1,1,0,1,0,0,0,0,0,0,0,0,0,0,1,0,0,0,0,0,1,0,0,0,0,0,0,0,0,1,0,-1
0.6120986090511404,-0.6623198003578904,-0.6657417671983727,-0.5036326206206442,-0.6200942064160623,-0.19297684329514306,0,1,0,1,0,0,0,0,0,0,0,0,0,0,0,0,0,1,0,0,0,1,0,0,0,0,0,0,1,1,0,-1
-0.24697982766050855,-0.2147436434642356,-0.591582443068703,-0.30236450479121907,-0.8340020028624031,-0.16366181651897835,0,1,0,1,0,0,0,0,0,0,0,1,0,0,0,0,0,0,1,0,0,0,0,0,0,0,0,1,0,1,0,-1
-0.788444211074635,1.4512342738621462,0.3235436166914225,-0.10109638896179392,-0.0021383500155219156,-0.16004502750113986,1,1,0,1,0,0,0,0,0,0,0,1,0,0,0,0,0,0,1,0,0,0,0,0,0,0,0,1,0,1,0,-1
-1.2885174013728615,-0.9607039049536603,-0.591582443068703,-0.5036326206206442,-0.7151643381699915,-0.19297684329514306,1,0,1,0,1,0,0,0,0,0,0,0,0,0,0,0,1,0,1,0,0,0,0,0,0,0,0,0,1,1,0,-1
-0.9016364534732203,-0.8612425367550703,-0.36910447067969354,-0.5036326206206442,0.4732123087541245,-0.19297684329514306,0,0,1,0,1,0,0,0,0,0,0,0,0,0,0,1,0,0,0,0,0,0,0,0,0,1,0,0,1,1,0,-1
-1.2319212801735688,-0.8612425367550703,-0.6167966132727907,0.7039760743559067,0.3543746440617129,-0.1863143372096511,0,1,0,1,0,0,0,0,0,0,0,0,0,0,1,0,0,0,1,0,0,0,0,0,0,0,0,1,0,1,0,-1
-0.8239223766025499,1.3766382477132038,-0.591582443068703,-0.5036326206206442,-0.0021383500155219156,-0.19297684329514306,0,1,0,1,0,0,0,0,0,0,0,1,0,0,0,0,0,0,1,0,0,0,0,0,0,0,0,0,0,1,0,-1
0.06978950741015842,-0.4633970639607105,-0.2949451465500237,-0.5036326206206442,0.5920499734465361,-0.19297684329514306,1,1,0,1,0,0,0,0,0,0,0,1,0,0,0,0,0,0,1,0,0,0,0,0,0,0,0,0,0,1,0,-1
-0.5282709972032607,1.5258303000110887,-0.36910447067969354,-0.5036326206206442,-0.0021383500155219156,0.009182627070356483,0,1,0,1,0,0,0,0,0,0,0,0,1,0,0,0,0,0,1,0,0,0,0,0,0,0,0,0,0,1,0,-1
0.7033281775514924,-0.8612425367550703,-0.591582443068703,-0.5036326206206442,0.6395850393235007,-0.19297684329514306,1,1,0,1,0,0,0,1,0,0,0,0,0,0,0,0,0,0,1,0,0,0,0,0,0,0,1,0,1,0,1,-1
-0.9717480663021945,-0.7120504844571854,-0.6286621051335378,-0.5036326206206442,-0.23981367940034512,-0.1922154140282297,1,0,1,0,1,0,0,0,0,0,1,0,0,0,0,0,0,0,1,0,0,0,0,0,0,0,0,0,1,1,0,-1
0.7954024642786999,-0.794603420062015,-0.6657417671983727,-0.5036326206206442,-0.2992325117465509,-0.19278648597841472,1,1,0,1,0,0,0,0,0,0,0,0,0,0,0,0,0,1,0,0,0,1,0,0,0,0,1,0,1,1,0,-1
-0.2326196178039715,-0.7289589170509457,-0.5174231189390331,-0.5036326206206442,0.5920499734465361,-0.19297684329514306,1,1,0,1,0,0,0,0,0,0,1,0,0,0,0,0,0,0,1,0,0,0,0,0,0,0,1,0,1,0,1,-1
-0.3593273518322383,-0.8363771947054228,-0.5307717972823737,-0.5036326206206442,0.11669931467688968,-0.19297684329514306,1,1,0,1,0,0,0,0,0,0,0,0,0,0,0,0,1,0,1,0,0,0,0,0,0,0,1,0,0,1,0,-1
-0.14139004930361956,-0.7120504844571854,-0.591582443068703,-0.5036326206206442,0.2593045123077836,-0.19297684329514306,1,0,1,0,1,0,0,0,0,0,1,0,0,0,0,0,0,0,1,0,0,0,0,0,0,0,0,0,1,1,0,-1
0.17537928576704742,-0.894064788260605,-0.6405275969942851,-0.5036326206206442,-0.0021383500155219156,-0.19297684329514306,1,0,1,0,1,0,0,0,0,1,0,0,0,0,0,0,0,0,1,0,0,0,0,0,0,0,0,0,1,1,0,-1
-0.788444211074635,-0.5131277480600055,-0.6286621051335378,-0.5036326206206442,-0.12097601470793351,-0.19107327012785966,1,1,0,1,0,0,0,0,0,0,0,0,0,0,1,0,0,0,1,0,0,0,0,0,0,0,0,0,1,1,0,-1
-0.4015632631749939,-0.5628584321593004,-0.44326379480936334,-0.5036326206206442,-0.59632667347758,-0.19297684329514306,1,1,0,1,0,0,0,0,0,0,0,0,1,0,0,0,0,0,1,0,0,0,0,0,0,0,0,0,0,1,0,-1
0.3941613065225217,-0.8771563556668447,-0.5797169512079557,-0.5036326206206442,0.7643645872505329,-0.19259612866168638,1,0,1,0,1,1,0,0,0,0,0,0,0,0,0,0,0,0,1,0,0,0,0,0,0,0,0,0,0,1,0,-1
-1.1685674131594355,-0.07350850062223788,-0.591582443068703,-0.5036326206206442,-0.59632667347758,-0.19297684329514306,1,1,0,1,0,0,0,0,0,0,0,1,0,0,0,0,0,0,1,0,0,0,0,0,0,0,0,0,1,0,1,-1
0.35868314099460685,-0.4803054965544708,-0.6286621051335378,-0.10109638896179392,0.2355369793693013,-0.19278648597841472,1,1,0,1,0,1,0,0,0,0,0,0,0,0,0,0,0,0,1,0,0,0,0,0,0,0,0,1,1,1,0,-1
0.9854640653211001,-0.5131277480600055,-0.44326379480936334,-0.5036326206206442,2.2557772791402986,-0.19297684329514306,1,1,0,1,0,0,0,0,0,0,0,0,0,0,1,0,0,0,0,0,1,0,0,0,0,0,1,0,1,1,0,-1
-1.0207417234597909,-0.6623198003578904,-0.07246717416101427,-0.5036326206206442,-0.4774890087851683,-0.18916969696057623,1,0,1,0,1,0,0,0,0,1,0,0,0,0,0,0,0,0,1,0,0,0,0,0,0,0,1,0,0,1,0,-1
0.3941613065225217,0.13337114523082924,0.8174447153950235,-0.5036326206206442,0.17611814702309547,-0.06220136670277189,1,1,0,1,0,0,0,0,0,0,0,0,0,0,1,0,0,0,0,0,1,0,0,0,0,0,0,0,1,1,0,-1
-1.0916980545156205,1.028523459018139,-0.5426372891431208,-0.5036326206206442,-0.59632667347758,-0.1849818359925527,0,1,0,1,0,0,0,0,0,0,0,0,1,0,0,0,0,0,1,0,0,0,0,0,0,0,0,0,1,1,0,-1
0.14750358428082885,-0.36393569576212054,-0.07246717416101427,-0.5036326206206442,-0.0021383500155219156,-0.19297684329514306,0,0,1,0,1,0,0,0,0,0,0,0,0,0,0,0,1,0,1,0,0,0,0,0,0,0,0,0,1,1,0,-1
-0.6693389410880646,-0.6046322068027082,-0.505557627078286,-0.5036326206206442,-0.2635812123388274,-0.19278648597841472,1,1,0,1,0,0,0,0,0,0,0,1,0,0,0,0,0,0,1,0,0,0,0,0,0,0,0,0,0,1,0,-1
-0.5848671184025533,1.5258303000110887,-0.4061841327445284,-0.5036326206206442,0.4732123087541245,-0.19297684329514306,1,1,0,1,0,1,0,0,0,0,0,0,0,0,0,0,0,0,1,0,0,0,0,0,0,0,1,0,0,1,0,-1
0.10526767293807326,-0.4962193154662452,1.0399226877840329,-0.5036326206206442,0.6633525722619831,-0.19297684329514306,1,1,0,1,0,0,0,0,0,0,0,0,1,0,0,0,0,0,0,1,0,0,0,0,0,0,0,0,0,1,0,-1
-1.330753312715617,-0.8861078788047179,-0.36910447067969354,-0.5036326206206442,-0.35865134409275673,-0.1895504115940329,0,1,0,1,0,0,0,0,0,0,0,1,0,0,0,0,0,0,1,0,0,0,0,0,0,0,0,0,1,1,0,-1
-0.3170914404894827,-0.7040935750012982,-0.591582443068703,-0.5036326206206442,-0.23981367940034512,-0.19297684329514306,1,1,0,1,0,0,0,0,0,0,1,0,0,0,0,0,0,0,0,1,0,0,0,0,0,0,0,0,0,0,1,-1
-1.2817596555580206,-0.9189301303102525,-0.6286621051335378,-0.5036326206206442,0.11669931467688968,-0.19278648597841472,0,1,0,1,0,0,0,0,0,0,0,0,0,0,0,0,1,0,1,0,0,0,0,0,0,0,0,0,1,1,0,-1
1.7169900497776267,-0.5549015227034132,-0.22078582242035388,-0.5036326206206442,-0.35865134409275673,-0.19278648597841472,1,0,1,0,1,0,0,0,0,0,0,0,0,0,0,0,0,1,0,0,0,1,0,0,0,0,0,0,1,1,0,-1
-1.119573756001839,-0.9278816534481256,-0.591582443068703,-0.5036326206206442,0.5920499734465361,-0.19297684329514306,1,1,0,1,0,0,0,0,0,0,0,0,1,0,0,0,0,0,1,0,0,0,0,0,0,0,0,0,0,0,1,-1
-0.9016364534732203,0.730139354422369,-0.6167966132727907,-0.5036326206206442,-1.0716773322472264,-0.1261614251234949,0,1,0,1,0,0,0,0,0,0,0,1,0,0,0,0,0,0,1,0,0,0,0,0,0,0,0,0,1,1,0,-1
0.06978950741015842,0.531216618025189,-0.19557165221626616,-0.5036326206206442,1.4239136262934173,-0.19297684329514306,1,1,0,1,0,0,0,0,0,0,0,0,0,0,0,1,0,0,0,0,1,0,0,0,0,0,1,0,0,0,1,-1
-1.2885174013728615,-0.794603420062015,-0.6405275969942851,-0.5036326206206442,0.11669931467688968,-0.19297684329514306,1,1,0,1,0,0,0,1,0,0,0,0,0,0,0,0,0,0,1,0,0,0,0,0,0,0,1,0,1,0,1,-1
-1.0072262318301093,-0.84433410416131,-0.6657417671983727,0.10017172686763123,1.0079817998699767,-0.04659206673104782,1,1,0,1,0,0,0,0,0,0,0,0,0,0,0,0,0,1,0,0,0,1,0,0,0,0,0,1,1,1,0,-1
-1.1263315018166797,1.028523459018139,-0.6167966132727907,-0.5036326206206442,0.9485629675237709,-0.19297684329514306,0,0,1,0,1,0,1,0,0,0,0,0,0,0,0,0,0,0,0,1,0,0,0,0,0,0,0,0,1,1,0,-1
-0.43704142870290874,1.6252916682096785,-0.6657417671983727,-0.5036326206206442,-0.23981367940034512,0.018319778273316913,1,1,0,1,0,0,0,0,0,0,0,0,0,0,0,1,0,0,0,0,0,0,0,0,0,1,0,0,0,1,0,-1
-0.7816864652597942,0.829600722620959,-0.6405275969942851,-0.5036326206206442,-1.0716773322472264,-0.19297684329514306,1,1,0,1,0,0,0,0,0,0,0,0,0,0,0,0,1,0,1,0,0,0,0,0,0,0,0,0,1,1,0,-1
-1.0916980545156205,0.17514491987423703,-0.505557627078286,-0.5036326206206442,-0.35865134409275673,-0.19297684329514306,1,1,0,1,0,0,0,0,0,0,0,0,1,0,0,0,0,0,1,0,0,0,0,0,0,0,0,0,1,1,0,-1
-0.6549787312315275,-0.8781509693488306,-0.6538762753376256,-0.10109638896179392,-0.3111162782157921,-0.19183469939477302,1,0,1,0,1,0,0,0,0,0,0,1,0,0,0,0,0,0,1,0,0,0,0,0,0,0,0,1,1,1,0,-1
1.6257604812772748,-0.84433410416131,-0.6657417671983727,-0.5036326206206442,-0.2101042632272422,-0.19297684329514306,1,1,0,1,0,0,0,0,0,0,0,0,0,0,0,0,0,1,0,0,0,1,0,0,0,0,0,0,1,1,0,-1
-0.8517980780887684,-0.8115118526557753,-0.44326379480936334,-0.5036326206206442,-0.28734874527730975,-0.19259612866168638,1,0,1,0,1,0,0,0,1,0,0,0,0,0,0,0,0,0,0,0,0,0,0,0,0,0,0,0,0,1,0,-1
-0.7462082997318794,-0.8115118526557753,-0.19557165221626616,-0.30236450479121907,1.3050759616010057,-0.191263627444588,1,1,0,1,0,0,0,0,0,0,0,0,0,0,1,0,0,0,1,0,0,0,0,0,0,0,0,1,0,1,0,-1
0.21085745129496225,0.050818209625999575,-0.3438903004756058,-0.5036326206206442,1.780426620370652,-0.19297684329514306,1,0,1,0,1,0,0,0,0,0,0,0,0,0,1,0,0,0,0,0,1,0,0,0,0,0,0,0,0,1,0,-1
0.7666820445656257,-0.3062481022069384,0.37248877061700464,-0.5036326206206442,1.3050759616010057,-0.19297684329514306,1,1,0,1,0,0,0,1,0,0,0,0,0,0,0,0,0,0,1,0,0,0,0,0,0,0,0,0,0,0,1,-1
0.04867155173878062,-0.16501295936494062,-0.22078582242035388,-0.5036326206206442,-0.35865134409275673,-0.19297684329514306,1,0,1,0,1,0,0,0,0,1,0,0,0,0,0,0,0,0,1,0,0,0,0,0,0,0,0,0,0,1,0,-1
-1.0418596791311685,-0.16501295936494062,-0.36910447067969354,-0.5036326206206442,1.0674006322161824,-0.002619526566800742,1,0,1,0,1,0,0,0,0,0,0,0,0,0,1,0,0,0,1,0,0,0,0,0,0,0,0,0,0,1,0,-1
-0.042558016761571324,-0.5459499995655401,-0.6405275969942851,-0.5036326206206442,0.7108876381389477,-0.19297684329514306,1,1,0,1,0,0,0,0,0,0,0,1,0,0,0,0,0,0,1,0,0,0,0,0,0,0,0,0,1,1,0,-1
-1.1972878328725094,0.9290620908195489,-0.14662649829068408,1.5090485376736074,-1.0716773322472264,-0.19107327012785966,0,1,0,1,0,0,0,0,0,0,0,0,0,0,0,0,1,0,1,0,0,0,0,0,0,0,0,1,0,1,0,-1
-0.6972146425742831,1.550695642060736,-0.6286621051335378,-0.10109638896179392,-1.0716773322472264,0.8638869791806135,1,1,0,1,0,0,0,0,0,0,0,1,0,0,0,0,0,0,1,0,0,0,0,0,0,0,0,1,1,1,0,-1
-0.4927928316753458,-0.5210846575158927,0.5208074188763443,-0.5036326206206442,0.04539671586144273,-0.19297684329514306,1,0,1,0,1,0,0,0,0,0,0,0,0,0,0,0,1,0,1,0,0,0,0,0,0,0,1,0,1,1,0,-1
-1.3028776112293985,-0.894064788260605,-0.6657417671983727,-0.30236450479121907,-0.12097601470793351,-0.16899182138737193,0,1,0,1,0,0,0,0,0,0,0,0,0,0,0,0,0,1,0,0,0,1,0,0,0,0,0,1,1,1,0,-1
-0.07043371824778988,-0.4633970639607105,0.0016921499686555505,-0.5036326206206442,0.9485629675237709,-0.19297684329514306,1,1,0,1,0,0,0,0,0,1,0,0,0,0,0,0,0,0,0,1,0,0,0,0,0,0,0,0,0,0,1,-1
1.7457104694907009,-0.9607039049536603,-0.6657417671983727,-0.5036326206206442,-1.0716773322472264,-0.19297684329514306,0,0,1,0,1,0,0,0,0,0,0,0,0,0,0,0,0,1,0,0,0,1,0,0,0,0,0,0,1,1,0,-1
-0.9649903204873537,-0.9109732208543653,-0.6286621051335378,-0.5036326206206442,0.11669931467688968,-0.19297684329514306,1,1,0,1,0,0,1,0,0,0,0,0,0,0,0,0,0,0,1,0,0,0,0,0,0,0,0,0,1,1,0,-1
-1.1685674131594355,-0.9607039049536603,-0.6657417671983727,-0.5036326206206442,-0.5606753740698565,-0.19297684329514306,0,0,1,0,1,0,0,0,0,0,0,0,0,0,0,0,0,0,0,0,0,1,0,0,0,0,0,0,1,1,0,-1
-0.9717480663021945,-0.9607039049536603,-0.5174231189390331,-0.5036326206206442,-0.2160461464618628,-0.19297684329514306,1,1,0,1,0,0,0,0,0,0,0,0,1,0,0,0,0,0,1,0,0,0,0,0,0,0,0,0,1,1,0,-1
-1.1263315018166797,-0.4713539734165977,-0.3809699625404407,-0.10109638896179392,-0.12097601470793351,-0.08123709837560612,1,1,0,1,0,0,0,0,0,0,0,1,0,0,0,0,0,0,0,0,0,0,0,0,0,0,0,1,0,1,0,-1
0.02755359606740282,-0.4633970639607105,1.5590379566917214,-0.5036326206206442,2.035927599459337,-0.19297684329514306,1,1,0,1,0,0,0,0,0,0,0,0,0,0,0,0,1,0,1,0,0,0,0,0,0,0,1,0,0,1,0,-1
-0.8095621667460128,1.3597298151194432,-0.6405275969942851,-0.5036326206206442,0.8297253028313593,-0.19202505671150136,0,1,0,1,0,0,0,0,0,0,1,0,0,0,0,0,0,0,0,1,0,0,0,0,0,0,0,0,1,1,0,-1
-0.2537375734753493,-0.7617811685564804,-0.36910447067969354,-0.10109638896179392,-0.07938283206558945,-0.09779818493097191,0,1,0,1,0,0,1,0,0,0,0,0,0,0,0,0,0,0,1,0,0,0,0,0,0,0,1,1,0,1,0,-1
1.1256872909790483,0.43175524982659913,-0.18370616035551898,-0.5036326206206442,-0.12097601470793351,-0.19259612866168638,1,0,1,0,1,0,0,0,0,0,0,1,0,0,0,0,0,0,1,0,0,0,0,0,0,0,0,0,1,1,0,-1
-0.32384918630432347,-0.5549015227034132,-0.591582443068703,-0.5036326206206442,-0.0021383500155219156,-0.18345897745872594,0,1,0,1,0,1,0,0,0,0,0,0,0,0,0,0,0,0,1,0,0,0,0,0,0,0,0,0,0,1,0,-1
-0.5705069085460163,-0.8532856272991831,-0.36910447067969354,-0.5036326206206442,-0.35865134409275673,-0.19278648597841472,1,1,0,1,0,0,0,1,0,0,0,0,0,0,0,0,0,0,1,0,0,0,0,0,0,0,0,0,0,1,0,-1
0.6264588189076775,-0.6125891162585955,-0.5174231189390331,-0.5036326206206442,0.7108876381389477,-0.19259612866168638,1,1,0,1,0,0,0,0,0,0,1,0,0,0,0,0,0,0,1,0,0,0,0,0,0,0,0,0,0,1,0,-1
-0.7183325982456609,-0.5956806836648352,-0.6657417671983727,-0.30236450479121907,0.11669931467688968,-0.18288790550854092,0,1,0,1,0,0,0,0,0,0,0,0,0,0,0,0,0,0,0,0,0,0,1,0,0,0,0,1,1,1,0,-1
-0.6693389410880646,-0.84433410416131,-0.6286621051335378,-0.5036326206206442,-0.35865134409275673,-0.17641575673977727,0,0,1,0,1,0,0,0,0,0,0,0,0,0,0,0,0,1,0,0,0,1,0,0,0,0,0,0,1,1,0,-1
-1.189685368830813,0.33229388162800916,-0.6286621051335378,-0.5036326206206442,-0.7151643381699915,-0.17394111162230882,1,1,0,1,0,0,0,0,0,0,0,0,0,0,1,0,0,0,1,0,0,0,0,0,0,0,0,0,1,1,0,-1
-1.0705800988442427,-0.2565174181076434,-0.6657417671983727,-0.5036326206206442,-0.0021383500155219156,-0.19278648597841472,1,0,1,0,1,0,0,0,0,0,0,0,0,0,0,0,0,1,0,0,0,1,0,0,0,0,0,0,0,1,0,-1
-1.0418596791311685,0.11646271263706896,-0.5797169512079557,-0.5036326206206442,-0.59632667347758,-0.10084390199862538,0,1,0,1,0,0,0,0,0,0,0,0,0,0,1,0,0,0,0,1,0,0,0,0,0,0,0,0,1,1,0,-1
-1.2184057885438873,-0.3062481022069384,-0.5663682728646152,-0.5036326206206442,-0.23981367940034512,-0.19259612866168638,1,1,0,1,0,0,0,0,0,0,0,0,0,0,1,0,0,0,1,0,0,0,0,0,0,0,0,0,0,1,0,-1
-0.14139004930361956,-0.5549015227034132,-0.6538762753376256,-0.5036326206206442,-0.3111162782157921,-0.19278648597841472,1,0,1,0,1,0,0,0,0,0,0,0,0,1,0,0,0,0,0,1,0,0,0,0,0,0,0,0,1,1,0,-1
0.851153867251137,-0.7538242591005931,-0.46847796501345107,-0.5036326206206442,0.3543746440617129,-0.14786215923052592,0,1,0,1,0,0,0,0,0,0,0,0,0,0,0,0,1,0,1,0,0,0,0,0,0,0,0,0,1,1,0,-1
1.076693633821452,-0.8612425367550703,2.523109170377429,-0.5036326206206442,1.3050759616010057,-0.19297684329514306,1,1,0,1,0,0,0,1,0,0,0,0,0,0,0,0,0,0,1,0,0,0,0,0,0,0,1,0,1,0,1,-1
-0.8805184978018425,0.03390977703223929,-0.6657417671983727,-0.5036326206206442,-1.0716773322472264,-0.19297684329514306,0,0,1,0,1,0,0,0,0,0,0,0,0,0,0,0,0,1,0,0,0,1,0,0,0,0,0,0,1,1,0,-1
-1.3797469698732134,0.43175524982659913,-0.36910447067969354,-0.5036326206206442,2.493452608525122,-0.19297684329514306,1,1,0,1,0,0,0,0,0,0,0,0,0,0,0,1,0,0,1,0,0,0,0,0,0,0,0,0,1,1,0,-1
0.668694730250433,-0.6205460257144826,-0.6167966132727907,-0.5036326206206442,1.3050759616010057,-0.19297684329514306,1,0,1,0,1,0,0,1,0,0,0,0,0,0,0,0,0,0,1,0,0,0,0,0,0,0,0,0,1,0,1,-1
-0.9717480663021945,1.2363977185531918,-0.07246717416101427,-0.5036326206206442,-0.2635812123388274,-0.19297684329514306,1,1,0,1,0,0,0,0,0,0,0,1,0,0,0,0,0,0,1,0,0,0,0,0,0,0,0,0,0,1,0,-1
-0.8028044209311721,-0.8035549431998882,-0.5797169512079557,-0.30236450479121907,1.4239136262934173,-0.1391057226610222,1,1,0,1,0,1,0,0,0,0,0,0,0,0,0,0,0,0,1,0,0,0,0,0,0,0,0,1,1,1,0,-1
-0.16250800497499737,-0.01582090706705569,-0.07246717416101427,-0.30236450479121907,1.6615889556782404,-0.1800325457576158,1,1,0,1,0,0,0,1,0,0,0,0,0,0,0,0,0,0,1,0,0,0,0,0,0,0,0,1,0,1,0,-1
-0.7115748524308201,-0.4633970639607105,-0.6405275969942851,-0.5036326206206442,-0.4774890087851683,0.6080467454977214,1,1,0,1,0,0,0,0,0,0,0,0,0,0,0,0,0,1,0,0,0,1,0,0,0,0,0,0,0,1,0,-1
-0.9083941992880611,0.9370190002754359,-0.6538762753376256,-0.5036326206206442,0.11669931467688968,-0.002619526566800742,0,1,0,1,0,0,0,0,0,0,0,0,0,0,1,0,0,0,1,0,0,0,0,0,0,0,0,0,1,1,0,-1
-0.6693389410880646,-0.794603420062015,-0.6405275969942851,-0.5036326206206442,0.2355369793693013,-0.19202505671150136,1,1,0,1,0,0,0,0,0,0,0,0,0,0,1,0,0,0,0,1,0,0,0,0,0,0,0,0,0,1,0,-1
0.12638562860945107,-0.4633970639607105,1.410719308432382,-0.5036326206206442,0.5920499734465361,-0.19297684329514306,1,0,1,0,1,1,0,0,0,0,0,0,0,0,0,0,0,0,1,0,0,0,0,0,0,0,0,0,0,1,0,-1
-0.5848671184025533,-0.8274256715675498,-0.14662649829068408,-0.5036326206206442,1.3050759616010057,-0.19297684329514306,0,1,0,1,0,0,0,0,0,0,0,0,0,0,0,0,1,0,0,1,0,0,0,0,0,0,1,0,1,1,0,-1
0.006435640396025021,-0.8115118526557753,0.37248877061700464,-0.5036326206206442,0.8297253028313593,-0.19297684329514306,1,0,1,0,1,0,0,0,0,0,0,0,0,0,0,0,1,0,1,0,0,0,0,0,0,0,0,0,0,1,0,-1
-0.7462082997318794,-0.8035549431998882,-0.6405275969942851,-0.5036326206206442,-0.2160461464618628,-0.19297684329514306,0,1,0,1,0,0,0,0,0,0,0,0,0,0,1,0,0,0,1,0,0,0,0,0,0,0,0,0,1,1,0,-1
-0.03580027094673058,-0.34702726316836024,0.07585147409832536,-0.10109638896179392,-0.12097601470793351,-0.18517219330928103,1,1,0,1,0,0,0,0,0,0,0,1,0,0,0,0,0,0,1,0,0,0,0,0,0,0,0,1,0,1,0,-1
-1.105213546145302,1.1110763946229683,-0.6286621051335378,-0.5036326206206442,-0.35865134409275673,-0.1215928495220147,1,0,1,0,1,0,0,0,0,0,0,0,0,0,0,0,1,0,1,0,0,0,0,0,0,0,1,0,1,1,0,-1
-0.38720305331845684,-0.5131277480600055,-0.5174231189390331,-0.5036326206206442,2.7311279379099447,0.5684524236182262,1,1,0,1,0,0,0,0,0,0,0,0,0,0,1,0,0,0,0,0,1,0,0,0,0,0,0,0,0,1,0,-1
-0.682854432717746,-0.84433410416131,-0.6405275969942851,-0.5036326206206442,-0.0021383500155219156,-0.19297684329514306,1,1,0,1,0,0,0,0,0,0,0,1,0,0,0,0,0,0,0,1,0,0,0,0,0,0,1,0,1,1,0,-1
0.9567436456080259,-0.7120504844571854,3.4501007219983015,-0.30236450479121907,1.0198655663392178,-0.17165682382156872,1,1,0,1,0,0,0,1,0,0,0,0,0,0,0,0,0,0,1,0,0,0,0,0,0,0,0,1,0,1,0,-1
0.07739197145185471,-0.36393569576212054,-0.6167966132727907,-0.5036326206206442,-0.35865134409275673,-0.19297684329514306,1,1,0,1,0,0,0,0,0,0,0,0,1,0,0,0,0,0,1,0,0,0,0,0,0,0,0,0,0,1,0,-1
0.02755359606740282,-0.9527469954977731,-0.6538762753376256,-0.5036326206206442,-1.0716773322472264,-0.19297684329514306,1,0,1,0,1,0,0,1,0,0,0,0,0,0,0,0,0,0,1,0,0,0,0,0,0,0,0,0,1,1,0,-1
-0.8171646307877091,-0.6543628909020032,-0.6405275969942851,-0.5036326206206442,1.0436330992777,-0.19297684329514306,1,1,0,1,0,0,0,0,0,0,1,0,0,0,0,0,0,0,1,0,0,0,0,0,0,0,0,0,0,1,0,-1
-1.2673994457014837,-0.9358385629040128,-0.6167966132727907,-0.5036326206206442,-0.28734874527730975,-0.19297684329514306,1,1,0,1,0,0,0,0,0,0,0,1,0,0,0,0,0,0,1,0,0,0,0,0,0,0,0,0,1,1,0,-1
-0.15490554093330108,-0.8115118526557753,-0.6538762753376256,-0.5036326206206442,0.3543746440617129,-0.19297684329514306,1,0,1,0,1,0,0,0,0,0,0,1,0,0,0,0,0,0,1,0,0,0,0,0,0,0,0,0,1,1,0,-1
-0.35256960601739756,-0.6294975488523558,-0.6657417671983727,-0.5036326206206442,0.9485629675237709,-0.19278648597841472,0,1,0,1,0,0,0,0,0,0,0,0,0,0,0,0,0,1,0,0,0,1,0,0,0,0,0,0,1,1,0,-1
-0.9151519451029018,-0.8781509693488306,-0.6286621051335378,-0.5036326206206442,-1.0716773322472264,-0.184601121359096,1,1,0,1,0,0,0,0,0,0,0,1,0,0,0,0,0,0,1,0,0,0,0,0,0,0,0,0,1,1,0,-1
0.4076767981522032,-0.2067867340083484,-0.3201593167541114,-0.5036326206206442,0.11669931467688968,-0.19297684329514306,1,1,0,1,0,1,0,0,0,0,0,0,0,0,0,0,0,0,1,0,0,0,0,0,0,0,1,0,0,1,0,-1
0.2742113183090957,-0.4633970639607105,-0.5174231189390331,-0.5036326206206442,0.9960980334007355,-0.19297684329514306,1,1,0,1,0,0,0,0,0,1,0,0,0,0,0,0,0,0,0,0,1,0,0,0,0,0,0,0,1,1,0,-1
0.47863312920803286,-0.16501295936494062,0.8174447153950235,-0.5036326206206442,0.5920499734465361,-0.19297684329514306,1,1,0,1,0,0,0,0,0,0,0,1,0,0,0,0,0,0,0,0,1,0,0,0,0,0,1,0,0,0,1,-1
-1.0072262318301093,-0.8284202852495356,-0.36910447067969354,-0.30236450479121907,10.812089136993935,-0.19259612866168638,0,0,1,0,1,0,0,0,0,0,0,1,0,0,0,0,0,0,1,0,0,0,0,0,0,0,0,1,1,1,0,-1
-0.7462082997318794,-0.894064788260605,-0.44326379480936334,-0.5036326206206442,-0.12097601470793351,-0.19297684329514306,0,1,0,1,0,0,1,0,0,0,0,0,0,0,0,0,0,0,1,0,0,0,0,0,0,0,0,0,1,0,1,-1
0.14750358428082885,-0.4633970639607105,0.07585147409832536,-0.5036326206206442,-1.0716773322472264,-0.19259612866168638,0,0,1,0,1,0,0,0,0,0,0,1,0,0,0,0,0,0,1,0,0,0,0,0,0,0,0,0,0,1,0,-1
-0.9151519451029018,0.09159737058742147,-0.5545027810038681,-0.30236450479121907,-0.12097601470793351,-0.19297684329514306,1,1,0,1,0,0,1,0,0,0,0,0,0,0,0,0,0,0,1,0,0,0,0,0,0,0,1,1,1,1,0,-1
0.4921486208377144,-0.4305748124551758,-0.6167966132727907,-0.5036326206206442,-1.0716773322472264,-0.09760782761424357,1,1,0,1,0,0,0,0,0,1,0,0,0,0,0,0,0,0,1,0,0,0,0,0,0,0,0,0,0,1,0,-1
-1.119573756001839,1.028523459018139,-0.36910447067969354,-0.30236450479121907,-0.35865134409275673,-0.19278648597841472,0,1,0,1,0,1,0,0,0,0,0,0,0,0,0,0,0,0,1,0,0,0,0,0,0,0,0,1,1,1,0,-1
-1.2817596555580206,-0.14810452677118033,-0.5426372891431208,-0.5036326206206442,-0.35865134409275673,-0.19297684329514306,1,1,0,1,0,0,0,0,0,0,0,0,0,0,1,0,0,0,0,1,0,0,0,0,0,0,0,0,0,1,0,-1
-1.0562198889877057,-0.9607039049536603,-0.6657417671983727,0.30143984269705637,-0.8042925866893003,-0.19278648597841472,1,0,1,0,1,0,0,0,0,0,0,0,0,0,0,0,0,1,0,0,0,1,0,0,0,0,0,1,1,1,0,-1
-0.7183325982456609,-0.8115118526557753,-0.5174231189390331,-0.5036326206206442,0.8297253028313593,-0.19297684329514306,1,1,0,1,0,0,0,1,0,0,0,0,0,0,0,0,0,0,1,0,0,0,0,0,0,0,0,0,0,0,1,-1
1.076693633821452,1.2274461954153189,-0.22078582242035388,-0.5036326206206442,-1.0716773322472264,-0.19297684329514306,1,0,1,0,1,0,0,0,0,0,0,0,1,0,0,0,0,0,1,0,0,0,0,0,0,0,1,0,1,0,1,-1
0.7954024642786999,-0.8612425367550703,-0.5174231189390331,-0.5036326206206442,-0.2992325117465509,-0.19297684329514306,1,0,1,0,1,0,0,1,0,0,0,0,0,0,0,0,0,0,1,0,0,0,0,0,0,0,0,0,0,1,0,-1
-0.5916248642173941,1.6919307849027339,-0.6538762753376256,-0.5036326206206442,-0.35865134409275673,-0.10255711784918047,1,0,1,0,1,0,0,0,0,0,0,0,0,0,0,0,1,0,1,0,0,0,0,0,0,0,0,0,0,1,0,-1
-0.21825940794743445,-0.8861078788047179,-0.5797169512079557,-0.5036326206206442,0.2355369793693013,-0.16632681895317514,1,1,0,1,0,0,0,0,0,0,0,1,0,0,0,0,0,0,1,0,0,0,0,0,0,0,0,0,1,1,0,-1
-0.4437991745177495,-0.6543628909020032,-0.6286621051335378,-0.5036326206206442,-0.4774890087851683,-0.19297684329514306,1,1,0,1,0,1,0,0,0,0,0,0,0,0,0,0,0,0,1,0,0,0,0,0,0,0,0,0,1,1,0,-1
0.02079585025256207,-0.36393569576212054,-0.6657417671983727,-0.5036326206206442,-0.12097601470793351,-0.18916969696057623,0,0,1,0,1,0,0,0,0,0,0,0,0,0,0,0,0,0,0,0,0,0,1,0,0,0,0,0,1,1,0,-1
-1.2319212801735688,-0.894064788260605,-0.5797169512079557,-0.5036326206206442,0.11669931467688968,-0.19297684329514306,1,0,1,0,1,0,0,0,0,0,1,0,0,0,0,0,0,0,1,0,0,0,0,0,0,0,0,0,1,0,1,-1
-0.02144006109019353,-0.7369158265068328,-0.6657417671983727,-0.30236450479121907,-0.5012565417236506,-0.18936005427730457,1,1,0,1,0,0,0,0,0,0,0,0,0,0,0,0,0,1,0,0,0,1,0,0,0,0,0,1,1,1,0,-1
0.23197540696634006,-0.6125891162585955,-0.591582443068703,-0.5036326206206442,-0.10315036500407178,-0.19297684329514306,1,1,0,1,0,1,0,0,0,0,0,0,0,0,0,0,0,0,0,0,1,0,0,0,0,0,1,0,0,1,0,-1
-0.6549787312315275,1.4263689318124988,-0.04725300395692654,-0.5036326206206442,-0.59632667347758,-0.19297684329514306,1,1,0,1,0,0,0,0,0,0,0,1,0,0,0,0,0,0,1,0,0,0,0,0,0,0,0,0,1,0,1,-1
-0.5561466986894792,-0.7120504844571854,-0.6657417671983727,-0.5036326206206442,-0.59632667347758,-0.19297684329514306,0,1,0,1,0,0,0,0,0,0,0,0,0,0,0,0,0,1,0,0,0,1,0,0,0,0,1,0,1,1,0,-1
-0.06367597243294912,-0.6454113677641301,-0.4922089487349454,-0.5036326206206442,-1.0716773322472264,-0.19297684329514306,1,1,0,1,0,0,0,0,0,0,0,0,1,0,0,0,0,0,1,0,0,0,0,0,0,0,0,0,0,0,1,-1
2.0481195947048305,0.44766906873837353,1.336559984302712,0.10017172686763123,-0.4774890087851683,-0.18345897745872594,0,1,0,1,0,0,0,0,0,0,1,0,0,0,0,0,0,0,0,1,0,0,0,0,0,0,1,1,0,1,0,-1
0.4921486208377144,-0.4633970639607105,-0.6034479349294501,-0.5036326206206442,0.4732123087541245,-0.14614894337997086,0,1,0,1,0,0,0,0,0,0,0,0,0,0,1,0,0,0,0,1,0,0,0,0,0,0,0,0,1,1,0,-1
-1.0072262318301093,-0.8284202852495356,-0.1718406684947718,-0.5036326206206442,0.2355369793693013,-0.19202505671150136,0,1,0,1,0,1,0,0,0,0,0,0,0,0,0,0,0,0,1,0,0,0,0,0,0,0,0,0,1,1,0,-1
-0.7394505539170386,1.3269075636139087,-0.5426372891431208,-0.5036326206206442,-1.0716773322472264,-0.19297684329514306,1,1,0,1,0,0,0,0,0,0,0,0,0,0,1,0,0,0,1,0,0,0,0,0,0,0,0,0,1,1,0,-1
1.8436977838058934,-0.9278816534481256,-0.6657417671983727,-0.5036326206206442,-0.7032805717007503,-0.18783719574347782,0,1,0,1,0,0,0,0,0,0,0,0,0,0,0,0,0,1,0,0,0,1,0,0,0,0,0,0,0,0,1,-1
-0.6406185213749904,-0.84433410416131,-0.6286621051335378,-0.5036326206206442,0.3543746440617129,-0.19278648597841472,1,0,1,0,1,0,0,0,0,1,0,0,0,0,0,0,0,0,0,1,0,0,0,0,0,0,0,0,1,1,0,-1
-1.01398397764495,0.9459705234133093,-0.43139830294861614,-0.5036326206206442,-0.59632667347758,-0.12635178244022324,1,1,0,1,0,0,0,0,0,0,0,0,0,0,0,0,1,0,1,0,0,0,0,0,0,0,0,0,1,1,0,-1
-0.6549787312315275,-0.8194687621116625,-0.591582443068703,-0.30236450479121907,0.3543746440617129,-0.1922154140282297,0,1,0,1,0,1,0,0,0,0,0,0,0,0,0,0,0,0,1,0,0,0,0,0,0,0,0,1,0,1,0,-1
-0.3449671419757013,1.5258303000110887,-0.591582443068703,-0.5036326206206442,3.2064785966795917,-0.19297684329514306,1,1,0,1,0,0,0,0,0,0,0,0,0,0,0,0,1,0,0,0,1,0,0,0,0,0,0,0,0,1,0,-1
-0.8729160337601463,-0.7866465106061279,-0.591582443068703,-0.5036326206206442,0.5920499734465361,-0.15414395068256123,1,0,1,0,1,0,0,0,0,0,0,1,0,0,0,0,0,0,0,1,0,0,0,0,0,0,0,0,1,1,0,-1
-0.9362699007742796,1.1279848272167288,-0.6657417671983727,-0.5036326206206442,-0.156627314115657,-0.18688540915983612,0,0,1,0,1,0,0,0,0,0,0,0,0,1,0,0,0,0,0,1,0,0,0,0,0,0,0,0,0,1,0,-1
1.9704055178341602,2.122598509202628,-0.6657417671983727,3.5217296959678586,-0.16851108058489817,-0.16823039212045857,1,1,0,1,0,0,0,0,0,0,0,0,0,0,0,1,0,0,0,0,0,0,0,1,0,0,1,1,1,1,0,-1
0.3941613065225217,2.6447706922452254,-0.6405275969942851,-0.5036326206206442,0.8297253028313593,0.48317234572392886,1,1,0,1,0,1,0,0,0,0,0,0,0,0,0,0,0,0,1,0,0,0,0,0,0,0,0,0,1,1,0,-1
-1.2817596555580206,-0.4136663798614155,-0.46847796501345107,-0.30236450479121907,-0.59632667347758,-0.1889793396438479,1,1,0,1,0,0,0,0,0,0,0,0,0,0,0,0,1,0,1,0,0,0,0,0,0,0,0,1,1,1,0,-1
-0.999623767788413,1.028523459018139,-0.4180496246052756,-0.5036326206206442,-0.23981367940034512,-0.19297684329514306,1,0,1,0,1,0,0,0,0,0,1,0,0,0,0,0,0,0,0,1,0,0,0,0,0,0,1,0,0,1,0,-1
1.4922950014341672,-0.5051708386041183,-0.5797169512079557,-0.5036326206206442,0.11669931467688968,-0.19240577134495804,1,1,0,1,0,0,0,0,0,0,0,0,0,0,0,0,0,1,0,0,0,1,0,0,0,0,0,0,1,1,0,-1
-0.4927928316753458,-0.31420501166282555,0.013557641829402731,-0.30236450479121907,1.400146093354935,-0.1889793396438479,1,1,0,1,0,0,0,0,0,0,0,1,0,0,0,0,0,0,0,1,0,0,0,0,0,0,0,1,0,1,0,-1
-0.7605685095884165,1.3269075636139087,-0.22078582242035388,-0.5036326206206442,-1.0716773322472264,0.5684524236182262,1,0,1,0,1,0,0,1,0,0,0,0,0,0,0,0,0,0,1,0,0,0,0,0,0,0,0,0,0,1,0,-1
-0.09155167391916767,-0.6871851424075379,-0.6538762753376256,0.10017172686763123,-1.0716773322472264,-0.18669505184310778,0,1,0,1,0,1,0,0,0,0,0,0,0,0,0,0,0,0,0,1,0,0,0,0,0,0,0,1,1,1,0,-1
-0.8805184978018425,-0.14014761731529313,-0.6538762753376256,-0.5036326206206442,-0.23981367940034512,-0.17394111162230882,1,0,1,0,1,0,0,0,0,0,0,0,0,0,1,0,0,0,0,1,0,0,0,0,0,0,0,0,1,1,0,-1
0.9854640653211001,0.03390977703223929,0.0016921499686555505,-0.5036326206206442,-0.23387179616572454,-0.19297684329514306,1,1,0,1,0,0,0,0,0,0,0,0,0,0,1,0,0,0,0,0,1,0,0,0,0,0,0,0,0,1,0,-1
-0.24697982766050855,-0.6294975488523558,0.05063730389423764,-0.5036326206206442,1.542751290985829,-0.19297684329514306,0,1,0,1,0,0,1,0,0,0,0,0,0,0,0,0,0,0,1,0,0,0,0,0,0,0,1,0,0,1,0,-1
0.8165204199500776,-0.6951420518634251,-0.6167966132727907,-0.5036326206206442,-0.07344094883096888,-0.19297684329514306,1,1,0,1,0,0,0,0,0,0,0,0,1,0,0,0,0,0,1,0,0,0,0,0,0,0,0,0,1,1,0,-1
2.287174852904827,-0.4216232893173027,0.05063730389423764,-0.5036326206206442,0.8297253028313593,-0.19297684329514306,1,1,0,1,0,0,0,0,0,0,0,1,0,0,0,0,0,0,1,0,0,0,0,0,0,0,0,0,0,1,0,-1
-0.14139004930361956,-0.26447432756353056,-0.6167966132727907,-0.5036326206206442,0.21176944643081896,-0.19297684329514306,1,1,0,1,0,0,0,0,0,0,0,1,0,0,0,0,0,0,1,0,0,0,0,0,0,0,0,0,1,1,0,-1
-1.1761698772011318,1.028523459018139,-0.6167966132727907,-0.30236450479121907,-0.35865134409275673,-0.19278648597841472,1,1,0,1,0,1,0,0,0,0,0,0,0,0,0,0,0,0,0,1,0,0,0,0,0,0,0,1,1,1,0,-1
0.06978950741015842,-0.26447432756353056,-0.5174231189390331,-0.5036326206206442,0.3068395781847483,-0.19297684329514306,1,1,0,1,0,0,0,0,0,0,1,0,0,0,0,0,0,0,1,0,0,0,0,0,0,0,0,0,0,1,0,-1
-0.47927734004566436,1.592469416704144,-0.5174231189390331,-0.5036326206206442,-1.0716773322472264,-0.19259612866168638,1,1,0,1,0,0,0,0,0,1,0,0,0,0,0,0,0,0,1,0,0,0,0,0,0,0,0,0,1,1,0,-1
-1.31639310285908,-0.38880103781176806,-0.6405275969942851,-0.5036326206206442,-0.35865134409275673,-0.19297684329514306,0,1,0,1,0,0,1,0,0,0,0,0,0,0,0,0,0,0,1,0,0,0,0,0,0,0,0,0,1,1,0,-1
0.04191380592393987,0.2328325134294192,-0.2949451465500237,-0.5036326206206442,0.5445149075695714,-0.19297684329514306,0,1,0,1,0,0,0,0,0,0,0,0,1,0,0,0,0,0,1,0,0,0,0,0,0,0,0,0,1,1,0,-1
0.2040997054801215,-0.6454113677641301,-0.6657417671983727,-0.5036326206206442,0.8297253028313593,-0.19297684329514306,0,0,1,0,1,0,0,0,0,0,0,0,0,0,0,0,0,1,0,0,0,1,0,0,0,0,1,0,1,1,0,-1
-0.7605685095884165,-0.8781509693488306,-0.5663682728646152,-0.5036326206206442,-0.2160461464618628,-0.19297684329514306,0,1,0,1,0,0,0,0,0,0,0,0,0,0,1,0,0,0,1,0,0,0,0,0,0,0,0,0,0,0,1,-1
0.4220370080087402,-0.11528227526564565,0.37248877061700464,-0.5036326206206442,1.625937656270517,-0.18345897745872594,1,1,0,1,0,0,1,0,0,0,0,0,0,0,0,0,0,0,1,0,0,0,0,0,0,0,0,0,1,1,0,-1
-1.0705800988442427,-0.8781509693488306,-0.6167966132727907,-0.30236450479121907,0.11669931467688968,-0.19278648597841472,1,0,1,0,1,0,0,0,0,0,0,1,0,0,0,0,0,0,1,0,0,0,0,0,0,0,0,1,1,1,0,-1
1.1544077106921224,-0.6623198003578904,0.07585147409832536,-0.5036326206206442,-0.23981367940034512,-0.19297684329514306,1,1,0,1,0,0,0,0,0,0,0,1,0,0,0,0,0,0,1,0,0,0,0,0,0,0,1,0,0,1,0,-1
-0.5139107873467237,-0.7369158265068328,-0.28307965468927654,-0.10109638896179392,0.11669931467688968,-0.19297684329514306,0,1,0,1,0,0,1,0,0,0,0,0,0,0,0,0,0,0,1,0,0,0,0,0,0,0,1,1,1,1,0,-1
-0.7605685095884165,1.2274461954153189,0.22417012235766498,-0.5036326206206442,0.5207473746310891,-0.19297684329514306,0,0,1,0,1,0,1,0,0,0,0,0,0,0,0,0,0,0,1,0,0,0,0,0,0,0,1,0,0,1,0,-1
1.7735861709769194,0.43175524982659913,0.22417012235766498,-0.5036326206206442,-1.0716773322472264,-0.19297684329514306,0,1,0,1,0,0,0,0,0,0,0,0,0,0,0,0,1,0,0,1,0,0,0,0,0,0,0,0,1,1,0,-1
-0.4015632631749939,-0.06555159116635066,0.07585147409832536,-0.5036326206206442,0.11669931467688968,0.037355509946151146,1,0,1,0,1,0,0,0,0,0,0,1,0,0,0,0,0,0,0,0,1,0,0,0,0,0,0,0,1,1,0,-1
0.639974310537359,-0.16501295936494062,0.22417012235766498,-0.5036326206206442,1.780426620370652,-0.19297684329514306,0,1,0,1,0,0,0,0,0,0,0,1,0,0,0,0,0,0,1,0,0,0,0,0,0,0,0,0,1,1,0,-1
-0.31033369467464195,-0.6623198003578904,0.0016921499686555505,-0.30236450479121907,-0.4774890087851683,-0.19240577134495804,1,1,0,1,0,1,0,0,0,0,0,0,0,0,0,0,0,0,1,0,0,0,0,0,0,0,0,1,0,1,0,-1
-1.1474494574880576,-0.8532856272991831,-0.14662649829068408,-0.30236450479121907,-0.59632667347758,-0.19202505671150136,0,1,0,1,0,0,0,0,0,0,0,1,0,0,0,0,0,0,1,0,0,0,0,0,0,0,0,1,0,1,0,-1
2.639422353503409,0.43175524982659913,-0.6657417671983727,-0.5036326206206442,-1.0716773322472264,-0.19069255549440295,1,1,0,1,0,0,0,0,0,0,0,0,0,0,0,1,0,0,0,0,0,0,0,1,0,0,0,0,1,1,0,-1
-1.3096353570442392,-0.9278816534481256,-0.36910447067969354,-0.10109638896179392,0.8297253028313593,-0.19278648597841472,0,1,0,1,0,0,0,0,0,0,0,0,0,0,0,0,1,0,1,0,0,0,0,0,0,0,0,1,0,1,0,-1
3.181731455144391,0.829600722620959,0.5208074188763443,-0.30236450479121907,-0.6557455058237858,-0.19183469939477302,1,1,0,1,0,0,0,0,0,0,0,0,0,0,0,0,0,1,0,0,0,1,0,0,0,0,0,1,1,1,0,-1
-0.007079851233656481,2.122598509202628,-0.5174231189390331,-0.5036326206206442,-0.35865134409275673,-0.19297684329514306,1,1,0,1,0,0,0,0,0,0,0,1,0,0,0,0,0,0,1,0,0,0,0,0,0,0,1,0,1,1,0,-1
0.18973949562358444,-0.8115118526557753,-0.36910447067969354,0.10017172686763123,0.18800191349233664,-0.19297684329514306,0,1,0,1,0,0,0,0,0,0,1,0,0,0,0,0,0,0,0,0,1,0,0,0,0,0,1,1,0,1,0,-1
0.9499858997931852,-0.14810452677118033,-0.6538762753376256,-0.5036326206206442,-0.42995394290820366,-0.17394111162230882,1,1,0,1,0,0,0,0,0,0,0,0,0,0,0,0,1,0,1,0,0,0,0,0,0,0,0,0,1,1,0,-1
-0.5983826100322348,-0.5628584321593004,-0.6167966132727907,-0.10109638896179392,0.8297253028313593,0.05448766845170196,1,1,0,1,0,0,0,0,0,0,0,0,0,0,0,1,0,0,0,0,0,0,0,0,0,1,0,1,1,1,0,-1
0.4363972178652773,-0.5628584321593004,-0.591582443068703,-0.5036326206206442,0.24147886260392187,-0.19297684329514306,1,1,0,1,0,0,0,0,0,0,0,0,0,0,1,0,0,0,1,0,0,0,0,0,0,0,0,0,0,1,0,-1
-0.17602349660467886,-0.7120504844571854,-0.591582443068703,-0.10109638896179392,1.3050759616010057,-0.1724182530884821,1,1,0,1,0,0,0,0,0,0,0,1,0,0,0,0,0,0,0,1,0,0,0,0,0,0,0,1,0,1,0,-1
-0.1692657507898381,-0.8453287178432959,-0.5797169512079557,-0.30236450479121907,0.9485629675237709,0.34059471549440046,1,1,0,1,0,1,0,0,0,0,0,0,0,0,0,0,0,0,1,0,0,0,0,0,0,0,0,1,1,1,0,-1
2.6884160106610056,-0.8532856272991831,-0.4922089487349454,0.10017172686763123,-0.0021383500155219156,-0.19297684329514306,1,1,0,1,0,0,0,0,0,0,0,1,0,0,0,0,0,0,1,0,0,0,0,0,0,0,1,1,0,1,0,-1
-0.07803618228948617,1.1608070787222633,-0.6405275969942851,1.9115847693324575,-0.3051743949811715,-0.19240577134495804,0,1,0,1,0,0,1,0,0,0,0,0,0,0,0,0,0,0,0,1,0,0,0,0,0,0,0,1,0,1,0,-1
-0.5848671184025533,-0.7120504844571854,-0.591582443068703,-0.5036326206206442,-0.4180701764389625,-0.19297684329514306,1,1,0,1,0,0,0,0,0,0,0,1,0,0,0,0,0,0,1,0,0,0,0,0,0,0,0,0,1,1,0,-1
1.379102759035582,-0.13219070785940593,-0.6405275969942851,-0.5036326206206442,2.0181019497554753,-0.19297684329514306,1,1,0,1,0,0,0,0,0,0,0,0,0,1,0,0,0,0,0,0,1,0,0,0,0,0,0,0,0,1,0,-1
-0.6693389410880646,1.3269075636139087,0.22417012235766498,-0.5036326206206442,-0.9528396675548148,-0.1899311262274896,0,0,1,0,1,0,0,0,0,0,1,0,0,0,0,0,0,0,0,1,0,0,0,0,0,0,0,0,0,1,0,-1
-1.01398397764495,-0.9278816534481256,-0.6538762753376256,-0.5036326206206442,1.186238296908594,-0.19297684329514306,0,1,0,1,0,0,1,0,0,0,0,0,0,0,0,0,0,0,1,0,0,0,0,0,0,0,0,0,0,1,0,-1
0.07739197145185471,-0.5300361806537658,-0.6657417671983727,-0.5036326206206442,-0.35865134409275673,-0.19297684329514306,1,0,1,0,1,0,0,0,0,0,1,0,0,0,0,0,0,0,0,0,0,1,0,0,0,0,0,0,1,1,0,-1
-0.24697982766050855,-0.2396089855138831,-0.591582443068703,-0.5036326206206442,-0.4774890087851683,-0.19297684329514306,1,1,0,1,0,0,0,0,0,0,0,0,0,0,0,0,1,0,1,0,0,0,0,0,0,0,0,0,0,1,0,-1
-0.7115748524308201,-0.9607039049536603,-0.36910447067969354,1.7103166535030325,-1.0716773322472264,-0.19297684329514306,1,1,0,1,0,0,0,0,0,0,1,0,0,0,0,0,0,0,1,0,0,0,0,0,0,0,0,1,1,0,1,-1
1.7169900497776267,-0.36393569576212054,-0.22078582242035388,-0.5036326206206442,-0.0021383500155219156,-0.1922154140282297,1,0,1,0,1,0,0,0,0,0,0,0,0,0,0,0,0,1,0,0,0,1,0,0,0,0,0,0,1,1,0,-1
-1.0418596791311685,-0.84433410416131,-0.4922089487349454,-0.5036326206206442,-0.12097601470793351,-0.19297684329514306,0,0,1,0,1,0,0,0,0,0,0,0,0,0,0,0,1,0,1,0,0,0,0,0,0,0,1,0,0,1,0,-1
0.2674535724942549,-0.7458673496447059,-0.3201593167541114,-0.5036326206206442,-0.9053046016778501,-0.19297684329514306,1,1,0,1,0,0,0,1,0,0,0,0,0,0,0,0,0,0,1,0,0,0,0,0,0,0,0,0,1,0,1,-1
-1.2184057885438873,-0.9437954723599,-0.6538762753376256,-0.5036326206206442,-0.23981367940034512,-0.05553886061727991,1,0,1,0,1,0,0,0,0,0,0,1,0,0,0,0,0,0,1,0,0,0,0,0,0,0,0,0,1,1,0,-1
0.3096894838370105,-0.2147436434642356,-0.6657417671983727,0.7039760743559067,-1.0716773322472264,-0.1549053799494746,0,1,0,1,0,0,0,0,0,0,0,0,0,0,0,0,0,1,0,0,0,1,0,0,0,0,0,1,1,1,0,-1
-0.41592347303153093,-0.4554401545048233,-0.6657417671983727,-0.5036326206206442,-0.0021383500155219156,-0.18155540429144254,0,0,1,0,1,0,0,0,0,0,0,0,0,0,0,0,0,1,0,0,0,1,0,0,0,0,0,0,0,1,0,-1
-0.7538107637735757,-0.6623198003578904,-0.505557627078286,-0.5036326206206442,-0.35865134409275673,-0.18022290307434413,1,0,1,0,1,0,0,0,0,0,0,0,0,0,0,0,1,0,1,0,0,0,0,0,0,0,0,0,0,1,0,-1
0.31644722965185124,2.321521245599808,0.5208074188763443,-0.5036326206206442,-0.59632667347758,-0.19297684329514306,1,0,1,0,1,0,0,0,0,0,0,1,0,0,0,0,0,0,1,0,0,0,0,0,0,0,1,0,1,1,0,-1
-0.8306801224173906,-0.7289589170509457,0.07585147409832536,-0.30236450479121907,-0.0021383500155219156,-0.18916969696057623,1,0,1,0,1,0,0,0,0,0,1,0,0,0,0,0,0,0,1,0,0,0,0,0,0,0,1,1,1,1,0,-1
1.7592259611203822,-0.6871851424075379,2.1404470578683332,-0.5036326206206442,0.11669931467688968,-0.17394111162230882,1,0,1,0,1,0,0,0,0,0,0,1,0,0,0,0,0,0,0,1,0,0,0,0,0,0,1,0,0,1,0,-1
-1.0562198889877057,-0.6125891162585955,0.026906320172743275,-0.5036326206206442,-0.4061864099697214,-0.19183469939477302,1,0,1,0,1,0,0,0,0,0,0,1,0,0,0,0,0,0,1,0,0,0,0,0,0,0,0,0,0,1,0,-1
1.583524569934519,-0.794603420062015,-0.5174231189390331,-0.5036326206206442,0.3543746440617129,-0.17070503723792702,0,1,0,1,0,0,0,0,0,0,0,0,0,0,0,0,1,0,1,0,0,0,0,0,0,0,0,0,0,1,0,-1
-1.3096353570442392,-0.33907035371247307,-0.6405275969942851,-0.30236450479121907,-1.0716773322472264,-0.19183469939477302,1,1,0,1,0,1,0,0,0,0,0,0,0,0,0,0,0,0,1,0,0,0,0,0,0,0,0,1,1,1,0,-1
0.31644722965185124,-0.33111344425658584,0.44664809474667444,-0.5036326206206442,2.968803267294768,-0.19297684329514306,1,1,0,1,0,0,0,0,0,0,0,0,0,1,0,0,0,0,0,1,0,0,0,0,0,0,1,0,0,1,0,-1
2.202703030219316,-0.5628584321593004,1.2624006601730422,-0.30236450479121907,-1.0716773322472264,-0.19107327012785966,0,1,0,1,0,0,0,0,0,0,0,0,0,0,0,0,0,1,0,0,0,1,0,0,0,0,0,1,1,1,0,-1
1.1400475008355855,-0.048643158572590384,-0.36910447067969354,-0.5036326206206442,0.3543746440617129,-0.19297684329514306,0,1,0,1,0,0,0,0,0,0,1,0,0,0,0,0,0,0,0,1,0,0,0,0,0,0,0,0,0,0,1,-1
0.035156060109099115,-0.33907035371247307,0.23603561421841218,-0.10109638896179392,0.11669931467688968,-0.1922154140282297,0,1,0,1,0,0,0,0,0,0,0,0,0,0,0,0,0,1,0,0,0,1,0,0,0,0,0,1,0,1,0,-1
-1.0916980545156205,1.0862110525733208,-0.5426372891431208,-0.5036326206206442,-0.59632667347758,-0.19297684329514306,1,1,0,1,0,0,0,0,0,0,0,0,0,0,0,0,0,1,0,0,0,1,0,0,0,0,0,0,1,1,0,-1
0.29532927398047343,-0.2893396696131781,1.7933814209414778,-0.5036326206206442,-1.0716773322472264,-0.19297684329514306,1,1,0,1,0,0,0,0,0,0,0,1,0,0,0,0,0,0,0,1,0,0,0,0,0,0,0,0,0,1,0,-1
0.6264588189076775,-0.6294975488523558,-0.591582443068703,-0.5036326206206442,-1.0716773322472264,-0.11873748977108955,0,1,0,1,0,0,0,0,0,0,0,0,0,0,0,0,1,0,1,0,0,0,0,0,0,0,0,0,1,1,0,-1
-0.627103029745309,-0.7866465106061279,-0.6405275969942851,0.30143984269705637,0.437561009346401,0.17821992432512446,1,1,0,1,0,0,0,1,0,0,0,0,0,0,0,0,0,0,1,0,0,0,0,0,0,0,0,1,1,1,0,-1
-0.33145165034601975,-0.36393569576212054,0.16187629008874235,-0.30236450479121907,0.5920499734465361,-0.19107327012785966,0,1,0,1,0,0,0,1,0,0,0,0,0,0,0,0,0,0,1,0,0,0,0,0,0,0,0,1,0,1,0,-1
1.5269284487352266,2.8188280865927577,-0.6657417671983727,-0.30236450479121907,-0.5131403081928918,-0.19297684329514306,1,1,0,1,0,0,0,0,0,0,0,0,0,0,0,0,0,1,0,0,0,1,0,0,0,0,1,1,1,1,0,-1
0.6822102218801146,0.03390977703223929,-0.6657417671983727,-0.10109638896179392,-0.9706653172586764,-0.19278648597841472,1,1,0,1,0,0,0,0,0,0,0,0,0,0,0,0,0,1,0,0,0,1,0,0,0,0,0,1,1,1,0,-1
0.5766204435232256,-0.08246002376011095,-0.6286621051335378,-0.5036326206206442,-0.12097601470793351,-0.19297684329514306,0,1,0,1,0,0,0,0,0,0,0,1,0,0,0,0,0,0,1,0,0,0,0,0,0,0,0,0,1,1,0,-1
0.851153867251137,-0.6125891162585955,-0.6034479349294501,-0.5036326206206442,-0.12097601470793351,-0.19297684329514306,1,1,0,1,0,0,0,0,0,0,1,0,0,0,0,0,0,0,1,0,0,0,0,0,0,0,1,0,1,1,0,-1
-0.5493889528746385,1.2274461954153189,0.6691260671356839,-0.5036326206206442,-0.35865134409275673,-0.19297684329514306,0,0,1,0,1,0,0,0,0,0,0,0,0,0,0,0,1,0,1,0,0,0,0,0,0,0,1,0,1,1,0,-1
-0.2326196178039715,-0.6623198003578904,-0.22078582242035388,-0.5036326206206442,-1.0716773322472264,-0.15014644703126603,1,0,1,0,1,0,0,0,0,0,0,1,0,0,0,0,0,0,1,0,0,0,0,0,0,0,1,0,0,1,0,-1
-0.8805184978018425,1.0454318916118994,-0.2949451465500237,-0.5036326206206442,0.4732123087541245,-0.19297684329514306,1,0,1,0,1,0,0,0,0,0,0,0,0,0,0,1,0,0,0,1,0,0,0,0,0,0,0,0,1,1,0,-1
-0.7250903440605017,-0.33111344425658584,-0.6167966132727907,-0.5036326206206442,-0.12097601470793351,0.008421197803443112,1,0,1,0,1,0,0,0,0,0,0,1,0,0,0,0,0,0,1,0,0,0,0,0,0,0,0,0,1,1,0,-1
-0.33145165034601975,-0.31420501166282555,0.8426588855991112,-0.10109638896179392,1.1208775813277676,-0.19278648597841472,1,0,1,0,1,0,1,0,0,0,0,0,0,0,0,0,0,0,0,1,0,0,0,0,0,0,0,1,0,1,0,-1
-0.366085097647079,-0.7120504844571854,-0.6657417671983727,-0.30236450479121907,-0.525024074662133,-0.13586964827664036,0,1,0,1,0,0,0,0,0,0,0,0,0,0,0,0,0,1,0,0,0,1,0,0,0,0,0,1,1,1,0,-1
0.1331433744242918,-0.6374544583082429,-0.505557627078286,-0.5036326206206442,-1.0716773322472264,-0.19297684329514306,0,1,0,1,0,0,0,0,0,0,0,0,1,0,0,0,0,0,1,0,0,0,0,0,0,0,0,0,0,1,0,-1
1.4002207147069596,-0.2147436434642356,-0.36910447067969354,-0.5036326206206442,-0.4774890087851683,-0.19259612866168638,1,1,0,1,0,0,0,0,0,0,0,0,0,0,1,0,0,0,0,0,1,0,0,0,0,0,0,0,1,1,0,-1
1.3368668476928263,0.33229388162800916,-0.36910447067969354,-0.5036326206206442,-1.0716773322472264,-0.149575375081081,1,1,0,1,0,0,0,0,0,0,0,1,0,0,0,0,0,0,1,0,0,0,0,0,0,0,0,0,0,1,0,-1
-0.9083941992880611,0.050818209625999575,-0.5797169512079557,-0.5036326206206442,-0.23981367940034512,-0.1579510970171281,1,0,1,0,1,0,0,0,0,0,0,0,0,0,0,0,0,0,1,0,0,0,0,0,0,0,0,0,1,1,0,-1
-0.8095621667460128,-0.8612425367550703,-0.6286621051335378,-0.5036326206206442,1.0674006322161824,-0.19297684329514306,1,1,0,1,0,0,0,0,0,0,0,1,0,0,0,0,0,0,1,0,0,0,0,0,0,0,0,0,1,1,0,-1
-0.8450403322739277,0.9787927749188439,-0.591582443068703,-0.5036326206206442,-0.23981367940034512,-0.19297684329514306,1,1,0,1,0,0,0,0,0,0,0,1,0,0,0,0,0,0,1,0,0,0,0,0,0,0,1,0,1,1,0,-1
-0.32384918630432347,-0.6623198003578904,-0.07246717416101427,-0.5036326206206442,1.114935698093147,-0.19297684329514306,0,1,0,1,0,0,0,1,0,0,0,0,0,0,0,0,0,0,1,0,0,0,0,0,0,0,1,0,1,0,1,-1
3.659841971544384,2.8188280865927577,-0.6538762753376256,-0.10109638896179392,-1.0716773322472264,-0.1261614251234949,1,0,1,0,1,0,0,0,0,0,0,0,0,0,0,0,0,1,0,0,0,1,0,0,0,0,0,1,1,1,0,-1
0.18973949562358444,-0.4136663798614155,-0.6657417671983727,-0.5036326206206442,-0.0021383500155219156,-0.19297684329514306,1,1,0,1,0,0,0,0,0,0,0,0,0,0,1,0,0,0,0,0,1,0,0,0,0,0,0,0,1,1,0,-1
-0.5637491627311755,-0.06555159116635066,-0.36910447067969354,-0.5036326206206442,1.0674006322161824,-0.19183469939477302,0,1,0,1,0,1,0,0,0,0,0,0,0,0,0,0,0,0,1,0,0,0,0,0,0,0,0,0,0,1,0,-1
-0.07803618228948617,-0.4216232893173027,-0.6286621051335378,-0.5036326206206442,-0.59632667347758,-0.19297684329514306,1,0,1,0,1,0,0,1,0,0,0,0,0,0,0,0,0,0,1,0,0,0,0,0,0,0,0,0,0,0,1,-1
-0.6760966869029053,-0.6623198003578904,-0.4061841327445284,-0.5036326206206442,-0.12097601470793351,-0.19297684329514306,0,1,0,1,0,1,0,0,0,0,0,0,0,0,0,0,0,0,1,0,0,0,0,0,0,0,0,0,0,1,0,-1
